mats_obs_utc,aim_overpass_utc,time_diff_min,mats_sat_lat_deg,mats_sat_lon_deg,aim_center_lat_deg,aim_center_lon_deg,cross_track_km,distance_sat_to_aim_km
2023-02-09T18:16:58Z,2023-02-09T18:05:00Z,-12.0,81.981,-116.319,80.894,-135.156,291.2,332.9
2023-02-09T18:17:58Z,2023-02-09T18:05:00Z,-13.0,80.171,-137.69,80.894,-135.156,93.0,93.0
2023-02-09T19:06:02Z,2023-02-09T18:52:00Z,-14.0,-80.775,35.197,-80.288,38.707,8.3,84.1
2023-02-09T19:06:57Z,2023-02-09T18:53:00Z,-14.0,-78.482,20.566,-81.928,16.231,344.5,392.0
2023-02-09T19:53:58Z,2023-02-09T19:39:00Z,-15.0,81.236,-152.064,79.584,-148.019,95.1,198.5
2023-02-09T19:54:58Z,2023-02-09T19:40:00Z,-15.0,78.926,-169.364,81.586,-168.148,284.8,297.0
2023-02-09T20:42:00Z,2023-02-09T20:27:00Z,-15.0,-81.713,22.399,-81.121,6.773,204.5,266.9
2023-02-09T20:43:02Z,2023-02-09T20:27:00Z,-16.0,-79.599,2.281,-81.121,6.773,189.0,189.0
2023-02-09T21:30:02Z,2023-02-09T21:14:00Z,-16.0,81.911,-166.082,80.543,-178.966,256.7,265.6
2023-02-09T21:31:02Z,2023-02-09T21:14:00Z,-17.0,80.031,173.046,80.543,-178.966,124.4,160.3
2023-02-09T22:18:59Z,2023-02-09T22:01:00Z,-18.0,-80.865,-12.231,-79.889,-5.539,15.0,165.1
2023-02-09T22:20:01Z,2023-02-09T22:02:00Z,-18.0,-78.315,-28.449,-81.743,-26.61,374.2,383.2
2023-02-09T23:07:02Z,2023-02-09T22:49:00Z,-18.0,81.11,158.24,81.325,148.646,61.6,164.6
2023-02-09T23:08:02Z,2023-02-09T22:49:00Z,-19.0,78.743,141.469,81.325,148.646,317.7,318.4
2023-02-09T23:54:56Z,2023-02-09T23:36:00Z,-18.9,-81.81,-24.23,-80.797,-36.877,219.1,240.2
2023-02-09T23:55:58Z,2023-02-09T23:36:00Z,-20.0,-79.769,-44.932,-80.797,-36.877,171.4,189.5
2023-02-10T00:43:00Z,2023-02-10T00:23:00Z,-20.0,81.955,146.528,80.163,136.956,258.4,258.6
2023-02-10T00:44:00Z,2023-02-10T00:23:00Z,-21.0,80.115,125.364,80.163,136.956,119.8,220.7
2023-02-10T01:31:01Z,2023-02-10T01:10:00Z,-21.0,-82.249,-37.411,-79.467,-50.026,371.3,379.9
2023-02-10T01:31:57Z,2023-02-10T01:11:00Z,-21.0,-80.949,-59.661,-81.514,-69.679,23.4,181.0
2023-02-10T01:32:59Z,2023-02-10T01:11:00Z,-22.0,-78.431,-76.192,-81.514,-69.679,365.1,365.1
2023-02-10T02:20:00Z,2023-02-10T01:58:00Z,-22.0,81.185,110.815,81.026,105.164,66.6,98.8
2023-02-10T02:21:00Z,2023-02-10T01:58:00Z,-23.0,78.85,93.739,81.026,105.164,309.7,327.6
2023-02-10T03:08:00Z,2023-02-10T02:45:00Z,-23.0,-81.727,-73.889,-80.442,-80.807,186.0,186.1
2023-02-10T03:09:02Z,2023-02-10T02:45:00Z,-24.0,-79.622,-94.088,-80.442,-80.807,201.1,271.0
2023-02-10T03:56:00Z,2023-02-10T03:32:00Z,-24.0,81.964,98.524,79.759,92.617,250.6,266.5
2023-02-10T03:57:00Z,2023-02-10T03:33:00Z,-24.0,80.135,77.283,81.681,71.899,122.6,196.2
2023-02-10T04:45:00Z,2023-02-10T04:20:00Z,-25.0,-80.875,-108.62,-81.245,-113.017,0.5,86.5
2023-02-10T04:46:02Z,2023-02-10T04:20:00Z,-26.0,-78.33,-124.879,-81.245,-113.017,384.7,398.5
2023-02-10T05:32:58Z,2023-02-10T05:07:00Z,-26.0,81.254,63.393,80.694,61.407,71.2,71.4
2023-02-10T05:33:58Z,2023-02-10T05:07:00Z,-27.0,78.953,46.017,80.694,61.407,302.0,357.8
2023-02-11T12:54:57Z,2023-02-11T13:25:00Z,30.0,-81.014,130.21,-78.441,131.76,175.0,288.1
2023-02-11T12:55:59Z,2023-02-11T13:26:00Z,30.0,-78.521,113.429,-80.851,115.174,241.4,261.6
2023-02-11T13:42:58Z,2023-02-11T14:13:00Z,30.0,81.313,-58.45,80.228,-70.944,239.5,253.0
2023-02-11T13:43:58Z,2023-02-11T14:13:00Z,29.0,79.039,-76.076,80.228,-70.944,167.1,167.4
2023-02-11T14:31:00Z,2023-02-11T15:00:00Z,29.0,-81.774,116.119,-79.553,102.045,352.5,352.9
2023-02-11T14:32:02Z,2023-02-11T15:00:00Z,28.0,-79.704,95.636,-79.553,102.045,66.2,129.5
2023-02-11T15:20:02Z,2023-02-11T15:48:00Z,28.0,80.128,-93.543,81.091,-102.987,4.4,201.9
2023-02-11T16:08:01Z,2023-02-11T16:35:00Z,27.0,-80.88,80.657,-80.53,71.018,139.0,177.4
2023-02-11T16:08:57Z,2023-02-11T16:35:00Z,26.0,-78.623,65.673,-80.53,71.018,237.1,237.9
2023-02-11T16:56:02Z,2023-02-11T17:22:00Z,26.0,81.187,-108.149,79.861,-115.478,199.3,199.3
2023-02-11T16:57:02Z,2023-02-11T17:22:00Z,25.0,78.856,-125.241,79.861,-115.478,205.6,229.4
2023-02-11T18:32:58Z,2023-02-11T18:57:00Z,24.0,80.281,-140.647,80.793,-146.974,19.4,129.0
2023-02-11T18:33:58Z,2023-02-11T18:57:00Z,23.0,77.636,-154.629,80.793,-146.974,384.5,385.2
2023-02-11T19:21:01Z,2023-02-11T19:44:00Z,23.0,-80.878,32.402,-80.187,26.635,126.6,130.5
2023-02-11T19:21:57Z,2023-02-11T19:44:00Z,22.0,-78.62,17.422,-80.187,26.635,247.9,256.4
2023-02-11T20:08:58Z,2023-02-11T20:31:00Z,22.0,81.312,-154.935,79.477,-160.221,214.4,226.4
2023-02-11T20:09:58Z,2023-02-11T20:31:00Z,21.0,79.039,-172.565,79.477,-160.221,188.7,260.2
2023-02-11T20:56:58Z,2023-02-11T21:18:00Z,21.0,-81.818,20.432,-78.741,12.092,339.8,375.9
2023-02-11T20:58:00Z,2023-02-11T21:19:00Z,21.0,-79.785,-0.336,-81.057,-5.332,72.7,169.1
2023-02-11T21:46:02Z,2023-02-11T22:06:00Z,20.0,80.143,170.061,80.471,168.806,16.2,43.5
2023-02-11T22:33:57Z,2023-02-11T22:53:00Z,19.0,-81.008,-14.58,-79.825,-17.964,140.3,145.8
2023-02-11T22:34:59Z,2023-02-11T22:53:00Z,18.0,-78.514,-31.345,-79.825,-17.964,273.8,314.7
2023-02-11T23:22:02Z,2023-02-11T23:40:00Z,18.0,81.204,155.508,79.078,154.842,177.9,237.0
2023-02-11T23:23:02Z,2023-02-11T23:41:00Z,18.0,78.879,138.353,81.285,136.333,220.7,270.6
2023-02-12T00:10:02Z,2023-02-12T00:28:00Z,18.0,-81.731,-29.384,-80.764,-49.415,304.4,353.9
2023-02-12T00:10:58Z,2023-02-12T00:28:00Z,17.0,-79.882,-47.973,-80.764,-49.415,68.0,101.8
2023-02-12T00:58:02Z,2023-02-12T01:15:00Z,17.0,81.971,143.092,80.128,124.358,373.9,381.2
2023-02-12T00:59:02Z,2023-02-12T01:15:00Z,16.0,80.147,121.817,80.128,124.358,26.9,48.5
2023-02-12T01:47:01Z,2023-02-12T02:02:00Z,15.0,-80.881,-64.112,-79.448,-62.78,103.0,161.5
2023-02-12T01:47:57Z,2023-02-12T02:03:00Z,15.0,-78.623,-79.094,-81.504,-82.374,265.4,326.7
2023-02-12T02:35:00Z,2023-02-12T02:50:00Z,15.0,81.259,107.899,81.015,92.428,180.9,265.9
2023-02-12T02:36:00Z,2023-02-12T02:50:00Z,14.0,78.959,90.509,81.015,92.428,218.8,231.7
2023-02-12T03:22:58Z,2023-02-12T03:37:00Z,14.0,-81.828,-75.895,-80.445,-93.707,320.2,340.2
2023-02-12T03:24:00Z,2023-02-12T03:37:00Z,13.0,-79.803,-96.728,-80.445,-93.707,91.4,91.9
2023-02-12T04:11:00Z,2023-02-12T04:24:00Z,13.0,82.002,95.587,79.766,79.702,372.5,372.5
2023-02-12T04:12:00Z,2023-02-12T04:24:00Z,12.0,80.213,74.072,79.766,79.702,26.3,119.7
2023-02-12T04:59:57Z,2023-02-12T05:11:00Z,11.0,-81.031,-110.829,-79.055,-107.77,121.6,227.6
2023-02-12T05:00:59Z,2023-02-12T05:12:00Z,11.0,-78.547,-127.685,-81.264,-126.125,285.8,303.9
2023-02-12T05:47:58Z,2023-02-12T05:59:00Z,11.0,81.322,60.448,80.718,48.302,183.4,221.0
2023-02-12T05:48:58Z,2023-02-12T05:59:00Z,10.0,79.055,42.77,80.718,48.302,214.2,214.2
2023-02-12T06:36:02Z,2023-02-12T06:46:00Z,10.0,-81.733,-125.787,-80.106,-138.213,280.7,282.6
2023-02-12T06:36:58Z,2023-02-12T06:46:00Z,9.0,-79.889,-144.404,-80.106,-138.213,87.8,122.1
2023-02-12T07:23:58Z,2023-02-12T07:33:00Z,9.0,82.04,48.256,79.388,34.85,373.8,379.1
2023-02-12T07:24:58Z,2023-02-12T07:33:00Z,8.0,80.294,26.447,79.388,34.85,23.0,193.1
2023-02-12T08:13:01Z,2023-02-12T08:21:00Z,8.0,-80.892,-160.473,-80.996,-170.097,85.5,168.8
2023-02-12T08:13:57Z,2023-02-12T08:21:00Z,7.0,-78.639,-175.501,-80.996,-170.097,281.8,282.8
2023-02-12T09:00:58Z,2023-02-12T09:08:00Z,7.0,81.325,12.212,80.399,3.956,172.0,178.4
2023-02-12T09:01:58Z,2023-02-12T09:08:00Z,6.0,79.058,-5.473,80.399,3.956,223.3,238.9
2023-02-12T09:48:58Z,2023-02-12T09:55:00Z,6.0,-81.827,-172.423,-79.749,177.075,294.8,296.6
2023-02-12T09:50:00Z,2023-02-12T09:55:00Z,5.0,-79.8,166.753,-79.749,177.075,112.3,203.8
2023-02-12T10:37:02Z,2023-02-12T10:42:00Z,5.0,81.972,-1.612,78.994,-10.18,336.4,366.2
2023-02-12T10:38:02Z,2023-02-12T10:43:00Z,5.0,80.151,-22.901,81.231,-28.435,55.5,156.1
2023-02-12T11:25:57Z,2023-02-12T11:30:00Z,4.0,-81.028,152.611,-80.703,145.71,100.9,127.1
2023-02-12T11:26:59Z,2023-02-12T11:30:00Z,3.0,-78.542,135.768,-80.703,145.71,304.8,311.7
2023-02-12T12:14:02Z,2023-02-12T12:17:00Z,3.0,81.208,-37.473,80.059,-40.594,134.6,139.8
2023-02-12T12:15:02Z,2023-02-12T12:17:00Z,2.0,78.884,-54.637,80.059,-40.594,258.2,313.2
2023-02-12T13:02:02Z,2023-02-12T13:04:00Z,2.0,-81.739,137.735,-79.377,132.177,257.1,281.5
2023-02-12T13:02:58Z,2023-02-12T13:05:00Z,2.0,-79.895,119.102,-81.462,112.815,104.7,207.7
2023-02-12T13:50:00Z,2023-02-12T13:51:00Z,1.0,82.016,-48.879,78.59,-55.381,339.0,399.7
2023-02-12T13:51:00Z,2023-02-12T13:52:00Z,1.0,80.24,-70.49,80.962,-72.459,50.5,88.0
2023-02-12T14:39:01Z,2023-02-12T14:39:00Z,-0.0,-80.887,102.95,-80.388,101.308,62.4,63.0
2023-02-12T14:39:57Z,2023-02-12T14:39:00Z,-1.0,-78.632,87.943,-80.388,101.308,300.5,332.9
2023-02-12T15:27:00Z,2023-02-12T15:26:00Z,-1.0,81.269,-84.969,79.702,-85.349,137.0,174.6
2023-02-12T15:28:00Z,2023-02-12T15:27:00Z,-1.0,78.975,-102.407,81.651,-105.877,251.4,304.8
2023-02-12T16:14:58Z,2023-02-12T16:13:00Z,-2.0,-81.83,91.149,-78.991,87.102,271.7,324.6
2023-02-12T16:16:00Z,2023-02-12T16:14:00Z,-2.0,-79.807,70.299,-81.223,68.94,128.2,159.6
2023-02-14T19:43:59Z,2023-02-14T20:14:00Z,30.0,-79.779,18.112,-79.526,23.922,50.6,119.5
2023-02-14T20:31:58Z,2023-02-14T21:02:00Z,30.0,80.255,-170.634,81.075,178.913,29.6,209.3
2023-02-14T20:32:59Z,2023-02-14T21:02:00Z,29.0,77.56,175.298,81.075,178.913,382.4,398.1
2023-02-14T21:19:58Z,2023-02-14T21:49:00Z,29.0,-80.946,3.277,-80.535,-7.319,155.4,194.9
2023-02-14T21:21:00Z,2023-02-14T21:49:00Z,28.0,-78.426,-13.258,-80.535,-7.319,263.0,263.7
2023-02-14T22:08:02Z,2023-02-14T22:36:00Z,28.0,81.165,173.562,79.869,166.178,197.6,197.6
2023-02-14T22:09:21Z,2023-02-14T22:36:00Z,26.6,77.945,152.659,79.869,166.178,334.9,358.7
2023-02-14T22:56:01Z,2023-02-14T23:23:00Z,27.0,-81.72,-11.051,-79.193,-21.355,327.8,338.5
2023-02-14T22:56:57Z,2023-02-14T23:23:00Z,26.0,-79.866,-29.599,-79.193,-21.355,48.1,182.6
2023-02-14T23:45:00Z,2023-02-15T00:11:00Z,26.0,80.172,140.484,80.826,134.401,3.2,133.3
2023-02-14T23:45:57Z,2023-02-15T00:11:00Z,25.0,77.652,127.383,80.826,134.401,379.8,381.6
2023-02-15T00:33:00Z,2023-02-15T00:58:00Z,25.0,-80.859,-45.855,-80.252,-52.165,125.4,133.5
2023-02-15T00:34:02Z,2023-02-15T00:58:00Z,24.0,-78.305,-62.057,-80.252,-52.165,291.2,297.5
2023-02-15T01:21:00Z,2023-02-15T01:45:00Z,24.0,81.213,125.821,79.551,121.026,195.2,205.2
2023-02-15T01:21:42Z,2023-02-15T01:45:00Z,23.3,79.673,112.984,79.551,121.026,87.3,161.9
2023-02-15T02:08:57Z,2023-02-15T02:32:00Z,23.0,-81.809,-57.792,-78.852,-66.768,340.1,368.5
2023-02-15T02:09:59Z,2023-02-15T02:33:00Z,23.0,-79.766,-78.501,-81.133,-84.519,73.1,188.3
2023-02-15T02:57:58Z,2023-02-15T03:20:00Z,22.0,80.233,92.688,80.563,89.701,2.2,66.5
2023-02-15T03:45:58Z,2023-02-15T04:07:00Z,21.0,-80.936,-93.324,-79.956,-97.171,129.1,130.2
2023-02-15T03:47:00Z,2023-02-15T04:07:00Z,20.0,-78.413,-109.822,-79.956,-97.171,285.7,314.2
2023-02-15T04:34:02Z,2023-02-15T04:54:00Z,20.0,81.144,76.819,79.224,75.736,168.4,214.7
2023-02-15T04:34:44Z,2023-02-15T04:54:00Z,19.3,79.58,64.189,79.224,75.736,112.8,239.3
2023-02-15T05:22:01Z,2023-02-15T05:41:00Z,19.0,-81.712,-107.666,-78.504,-112.303,300.1,367.6
2023-02-15T05:22:57Z,2023-02-15T05:42:00Z,19.0,-79.852,-126.174,-80.896,-129.065,69.8,128.0
2023-02-15T06:10:00Z,2023-02-15T06:29:00Z,19.0,81.968,65.091,80.284,44.841,377.6,392.1
2023-02-15T06:11:00Z,2023-02-15T06:29:00Z,18.0,80.147,43.822,80.284,44.841,23.7,24.6
2023-02-15T06:59:00Z,2023-02-15T07:16:00Z,17.0,-80.848,-142.419,-79.648,-142.323,100.1,133.7
2023-02-15T07:00:02Z,2023-02-15T07:16:00Z,16.0,-78.292,-158.594,-79.648,-142.323,312.6,376.4
2023-02-15T07:47:00Z,2023-02-15T08:03:00Z,16.0,81.202,29.241,78.888,30.316,169.0,258.4
2023-02-15T07:47:48Z,2023-02-15T08:04:00Z,16.2,79.405,14.915,81.163,12.378,148.1,201.3
2023-02-15T08:34:57Z,2023-02-15T08:51:00Z,16.0,-81.795,-154.493,-80.642,-173.772,314.2,349.9
2023-02-15T08:35:59Z,2023-02-15T08:51:00Z,15.0,-79.743,-175.129,-80.642,-173.772,98.2,103.3
2023-02-15T09:22:58Z,2023-02-15T09:38:00Z,15.0,82.004,17.612,79.992,-0.173,376.8,379.7
2023-02-15T09:23:58Z,2023-02-15T09:38:00Z,14.0,80.219,-3.915,79.992,-0.173,22.4,75.9
2023-02-15T10:11:57Z,2023-02-15T10:25:00Z,13.0,-80.948,170.283,-79.33,172.385,107.9,184.5
2023-02-15T10:13:00Z,2023-02-15T10:26:00Z,13.0,-78.382,153.535,-81.434,153.172,307.0,339.8
2023-02-15T11:00:02Z,2023-02-15T11:13:00Z,13.0,81.141,-19.745,80.93,-32.176,146.6,216.5
2023-02-15T11:01:02Z,2023-02-15T11:13:00Z,12.0,78.788,-36.631,80.93,-32.176,251.3,253.8
2023-02-15T11:48:01Z,2023-02-15T12:00:00Z,12.0,-81.696,155.525,-80.373,141.364,273.3,285.3
2023-02-15T11:48:57Z,2023-02-15T12:00:00Z,11.0,-79.824,137.111,-80.373,141.364,95.9,101.8
2023-02-15T12:36:00Z,2023-02-15T12:47:00Z,11.0,81.967,-31.507,79.689,-45.331,350.6,351.1
2023-02-15T12:37:00Z,2023-02-15T12:47:00Z,10.0,80.141,-52.752,79.689,-45.331,46.5,153.0
2023-02-15T13:25:00Z,2023-02-15T13:35:00Z,10.0,-80.841,120.961,-81.231,108.766,78.1,215.5
2023-02-15T13:26:02Z,2023-02-15T13:35:00Z,9.0,-78.28,104.824,-81.231,108.766,330.7,337.5
2023-02-15T14:13:00Z,2023-02-15T14:22:00Z,9.0,81.201,-67.304,80.682,-76.889,147.9,177.4
2023-02-15T14:14:00Z,2023-02-15T14:22:00Z,8.0,78.876,-84.442,80.682,-76.889,247.8,249.9
2023-02-15T15:00:57Z,2023-02-15T15:09:00Z,8.0,-81.788,108.842,-80.092,96.351,286.7,288.0
2023-02-15T15:01:59Z,2023-02-15T15:09:00Z,7.0,-79.728,88.259,-80.092,96.351,121.2,162.8
2023-02-15T15:48:58Z,2023-02-15T15:56:00Z,7.0,81.997,-79.037,79.376,-90.625,348.9,357.4
2023-02-15T15:49:58Z,2023-02-15T15:56:00Z,6.0,80.205,-100.513,79.376,-90.625,45.9,215.5
2023-02-15T15:50:40Z,2023-02-15T15:57:00Z,6.3,78.4,-110.799,81.468,-110.079,319.5,341.7
2023-02-15T16:37:58Z,2023-02-15T16:44:00Z,6.0,-80.906,73.38,-81.01,64.205,80.0,160.8
2023-02-15T16:39:00Z,2023-02-15T16:44:00Z,5.0,-78.37,56.994,-81.01,64.205,326.5,326.5
2023-02-15T18:14:00Z,2023-02-15T18:18:00Z,4.0,-81.709,59.301,-79.8,51.196,253.3,256.7
2023-02-15T18:15:02Z,2023-02-15T18:18:00Z,3.0,-79.591,39.184,-79.8,51.196,152.2,239.9
2023-02-15T19:01:58Z,2023-02-15T19:05:00Z,3.0,81.997,-127.271,79.055,-136.047,336.6,363.9
2023-02-15T19:02:58Z,2023-02-15T19:06:00Z,3.0,80.206,-148.751,81.271,-154.49,53.4,156.8
2023-02-15T19:50:58Z,2023-02-15T19:53:00Z,2.0,-80.881,24.894,-80.772,19.49,64.4,96.6
2023-02-15T19:52:00Z,2023-02-15T19:53:00Z,1.0,-78.336,8.599,-80.772,19.49,339.6,347.9
2023-02-15T20:39:02Z,2023-02-15T20:40:00Z,1.0,81.112,-164.784,80.145,-166.788,107.0,113.6
2023-02-15T20:40:02Z,2023-02-15T20:40:00Z,-0.0,78.749,178.439,80.145,-166.788,283.9,337.6
2023-02-15T21:27:01Z,2023-02-15T21:27:00Z,-0.0,-81.677,10.497,-79.502,5.876,232.5,256.1
2023-02-15T21:27:57Z,2023-02-15T21:28:00Z,0.0,-79.793,-7.822,-81.535,-13.896,127.8,222.5
2023-02-15T22:15:02Z,2023-02-15T22:14:00Z,-1.0,81.91,-177.39,78.73,178.392,295.5,362.5
2023-02-15T22:16:02Z,2023-02-15T22:15:00Z,-1.0,80.033,161.747,81.058,160.913,92.0,115.1
2023-02-15T23:04:00Z,2023-02-15T23:02:00Z,-2.0,-80.798,-24.185,-80.525,-25.425,37.7,37.7
2023-02-15T23:05:02Z,2023-02-15T23:02:00Z,-3.0,-78.221,-40.17,-80.525,-25.425,363.7,394.8
2023-02-15T23:52:00Z,2023-02-15T23:49:00Z,-3.0,81.177,147.658,79.861,148.037,109.1,146.6
2023-02-15T23:53:00Z,2023-02-15T23:50:00Z,-3.0,78.84,130.624,81.734,126.961,277.2,329.3
2023-02-16T00:39:59Z,2023-02-16T00:36:00Z,-4.0,-81.729,-36.939,-79.195,-39.556,234.3,286.1
2023-02-16T00:41:01Z,2023-02-16T00:37:00Z,-4.0,-79.623,-57.157,-81.351,-58.344,163.8,193.7
2023-02-16T01:27:58Z,2023-02-16T01:24:00Z,-4.0,81.987,135.916,80.829,116.171,310.5,350.6
2023-02-16T01:28:58Z,2023-02-16T01:24:00Z,-5.0,80.181,114.531,80.829,116.171,77.5,78.2
2023-02-16T02:16:58Z,2023-02-16T02:11:00Z,-6.0,-80.877,-71.682,-80.264,-70.458,42.2,71.8
2023-02-16T03:05:02Z,2023-02-16T02:58:00Z,-7.0,81.101,98.579,79.568,102.728,83.1,187.3
2023-02-16T03:06:02Z,2023-02-16T02:59:00Z,-7.0,78.732,81.851,81.578,82.645,300.6,317.1
2023-02-16T03:53:01Z,2023-02-16T03:46:00Z,-7.0,-81.67,-86.11,-81.151,-102.942,210.5,284.7
2023-02-16T03:53:57Z,2023-02-16T03:46:00Z,-8.0,-79.781,-104.396,-81.151,-102.942,147.9,154.8
2023-02-16T04:41:02Z,2023-02-16T04:33:00Z,-8.0,81.9,85.911,80.587,71.28,271.5,286.7
2023-02-16T04:42:02Z,2023-02-16T04:33:00Z,-9.0,80.014,65.116,80.587,71.28,113.7,131.9
2023-02-16T05:30:00Z,2023-02-16T05:20:00Z,-10.0,-80.79,-120.736,-79.992,-115.629,16.2,129.9
2023-02-16T05:31:02Z,2023-02-16T05:21:00Z,-10.0,-78.212,-136.7,-81.795,-137.065,377.8,399.0
2023-02-16T18:21:02Z,2023-02-16T17:56:00Z,-25.0,-82.196,68.266,-78.826,62.461,328.9,389.5
2023-02-16T18:21:58Z,2023-02-16T17:57:00Z,-25.0,-80.812,46.478,-81.115,44.785,15.1,44.9
2023-02-16T19:10:01Z,2023-02-16T18:44:00Z,-26.0,81.079,-142.89,80.546,-141.059,31.9,67.7
2023-02-16T19:10:56Z,2023-02-16T18:45:00Z,-25.9,78.892,-158.605,82.03,-164.578,311.8,365.8
2023-02-16T19:57:57Z,2023-02-16T19:31:00Z,-27.0,-81.7,33.14,-79.951,31.955,163.9,195.8
2023-02-16T19:58:59Z,2023-02-16T19:32:00Z,-27.0,-79.575,13.077,-81.775,10.664,217.0,248.6
2023-02-16T20:46:00Z,2023-02-16T20:18:00Z,-28.0,81.887,-155.612,79.224,-155.172,211.0,296.6
2023-02-16T20:47:02Z,2023-02-16T20:19:00Z,-28.0,79.908,-176.863,81.376,-174.142,169.4,170.6
2023-02-16T21:33:57Z,2023-02-16T21:06:00Z,-28.0,-82.252,21.985,-80.907,-0.095,347.1,386.8
2023-02-16T21:34:59Z,2023-02-16T21:06:00Z,-29.0,-80.75,-2.372,-80.907,-0.095,35.0,44.0
2023-02-16T22:23:02Z,2023-02-16T21:53:00Z,-30.0,81.024,168.263,80.302,173.787,12.2,128.0
2023-02-16T22:23:58Z,2023-02-16T21:54:00Z,-30.0,78.815,152.754,81.938,151.15,328.4,348.8
2023-02-16T23:10:59Z,2023-02-16T22:41:00Z,-30.0,-81.663,-15.747,-81.635,-33.823,146.5,291.1
2023-02-18T01:44:02Z,2023-02-18T02:14:00Z,30.0,79.814,108.242,77.788,122.705,48.0,383.9
2023-02-18T02:31:57Z,2023-02-18T03:02:00Z,30.0,-80.719,-76.923,-79.778,-79.516,111.0,115.6
2023-02-18T02:32:59Z,2023-02-18T03:02:00Z,29.0,-78.114,-92.632,-79.778,-79.516,307.6,334.5
2023-02-18T03:20:02Z,2023-02-18T03:49:00Z,29.0,80.928,93.017,79.036,93.198,148.5,210.7
2023-02-18T03:21:02Z,2023-02-18T03:50:00Z,29.0,78.49,76.96,81.258,74.809,253.8,310.9
2023-02-18T04:08:00Z,2023-02-18T04:37:00Z,29.0,-81.542,-91.787,-80.775,-111.408,284.7,344.5
2023-02-18T04:09:02Z,2023-02-18T04:37:00Z,28.0,-79.311,-110.977,-80.775,-111.408,133.6,163.2
2023-02-18T04:56:00Z,2023-02-18T05:24:00Z,28.0,81.822,80.66,80.149,62.319,357.4,367.8
2023-02-18T04:57:00Z,2023-02-18T05:24:00Z,27.0,79.87,60.375,80.149,62.319,47.3,48.8
2023-02-18T05:45:00Z,2023-02-18T06:11:00Z,26.0,-80.566,-126.496,-79.526,-125.134,70.4,118.6
2023-02-18T06:32:58Z,2023-02-18T06:58:00Z,25.0,81.035,45.887,78.76,47.384,158.5,254.9
2023-02-18T06:33:58Z,2023-02-18T06:59:00Z,25.0,78.64,29.419,81.078,29.813,242.2,271.5
2023-02-18T07:20:58Z,2023-02-18T07:46:00Z,25.0,-81.596,-139.246,-80.565,-156.645,285.6,320.0
2023-02-18T07:22:00Z,2023-02-18T07:46:00Z,24.0,-79.399,-158.723,-80.565,-156.645,130.9,135.9
2023-02-18T08:09:02Z,2023-02-18T08:33:00Z,24.0,81.763,31.372,79.91,16.839,327.1,328.5
2023-02-18T08:10:02Z,2023-02-18T08:33:00Z,23.0,79.764,11.446,79.91,16.839,75.8,107.1
2023-02-18T08:57:56Z,2023-02-18T09:20:00Z,22.1,-80.688,-173.68,-79.267,-170.825,81.5,167.6
2023-02-18T08:58:58Z,2023-02-18T09:21:00Z,22.0,-78.073,170.711,-81.395,170.157,331.0,370.0
2023-02-18T09:46:00Z,2023-02-18T10:08:00Z,22.0,80.96,-3.164,80.886,-15.287,133.7,212.7
2023-02-18T09:47:00Z,2023-02-18T10:08:00Z,21.0,78.535,-19.339,80.886,-15.287,268.1,273.8
2023-02-18T10:34:00Z,2023-02-18T10:55:00Z,21.0,-81.517,171.325,-80.346,158.016,252.6,266.6
2023-02-18T10:35:02Z,2023-02-18T10:55:00Z,20.0,-79.269,152.274,-80.346,158.016,162.0,164.7
2023-02-18T11:22:00Z,2023-02-18T11:42:00Z,20.0,81.81,-16.132,79.663,-28.735,326.9,327.5
2023-02-18T11:23:00Z,2023-02-18T11:42:00Z,19.0,79.844,-36.323,79.663,-28.735,74.1,151.5
2023-02-18T12:10:58Z,2023-02-18T12:29:00Z,18.0,-80.627,137.49,-79.002,143.4,58.0,214.9
2023-02-18T12:12:01Z,2023-02-18T12:30:00Z,18.0,-77.942,121.904,-81.23,125.2,359.2,371.7
2023-02-18T12:58:58Z,2023-02-18T13:17:00Z,18.0,81.024,-50.772,80.684,-60.491,134.6,175.9
2023-02-18T12:59:58Z,2023-02-18T13:17:00Z,17.0,78.623,-67.187,80.684,-60.491,265.2,265.2
2023-02-18T13:46:58Z,2023-02-18T14:04:00Z,17.0,-81.57,123.821,-80.118,112.578,253.3,255.8
2023-02-18T13:48:00Z,2023-02-18T14:04:00Z,16.0,-79.354,104.494,-80.118,112.578,159.2,181.3
2023-02-18T14:35:02Z,2023-02-18T14:51:00Z,16.0,81.754,-65.318,79.41,-74.399,298.7,308.2
2023-02-18T14:36:02Z,2023-02-18T14:51:00Z,15.0,79.748,-85.182,79.41,-74.399,100.3,220.0
2023-02-18T15:23:57Z,2023-02-18T15:39:00Z,15.0,-80.664,89.595,-81.052,80.139,56.7,172.5
2023-02-18T15:24:59Z,2023-02-18T15:39:00Z,14.0,-78.041,74.07,-81.052,80.139,354.6,356.5
2023-02-18T16:12:00Z,2023-02-18T16:26:00Z,14.0,80.95,-99.747,80.473,-105.798,108.4,121.0
2023-02-18T16:13:00Z,2023-02-18T16:26:00Z,13.0,78.522,-115.89,80.473,-105.798,289.3,297.7
2023-02-18T16:59:54Z,2023-02-18T17:13:00Z,13.1,-81.661,77.002,-79.883,67.046,265.1,265.3
2023-02-18T18:36:57Z,2023-02-18T18:48:00Z,11.0,-80.636,41.117,-80.863,34.976,40.5,112.7
2023-02-18T18:37:59Z,2023-02-18T18:48:00Z,10.0,-78.004,25.683,-80.863,34.976,368.5,369.6
2023-02-18T19:24:59Z,2023-02-18T19:35:00Z,10.0,80.956,-147.942,80.253,-151.203,98.1,98.1
2023-02-18T19:26:00Z,2023-02-18T19:35:00Z,9.0,78.483,-164.315,80.253,-151.203,304.0,332.5
2023-02-18T20:13:00Z,2023-02-18T20:22:00Z,9.0,-81.477,26.072,-79.642,21.423,207.1,221.1
2023-02-18T20:14:02Z,2023-02-18T20:23:00Z,9.0,-79.208,7.212,-81.613,1.187,198.6,289.7
2023-02-18T21:00:58Z,2023-02-18T21:09:00Z,8.0,81.826,-160.547,78.887,-165.975,294.6,342.1
2023-02-18T21:01:58Z,2023-02-18T21:10:00Z,8.0,79.875,179.151,81.162,176.081,97.6,153.9
2023-02-18T21:49:59Z,2023-02-18T21:57:00Z,7.0,-80.533,-8.042,-80.665,-10.287,10.7,43.4
2023-02-18T22:37:58Z,2023-02-18T22:44:00Z,6.0,80.974,163.977,80.025,163.298,90.4,106.3
2023-02-18T22:38:58Z,2023-02-18T22:44:00Z,5.0,78.554,147.75,80.025,163.298,302.8,359.4
2023-02-18T23:26:02Z,2023-02-18T23:31:00Z,5.0,-81.42,-22.993,-79.396,-24.299,181.4,226.5
2023-02-18T23:26:58Z,2023-02-18T23:32:00Z,5.0,-79.385,-40.072,-81.473,-43.73,181.4,241.9
2023-02-19T00:14:02Z,2023-02-19T00:19:00Z,5.0,81.718,149.317,80.982,130.954,254.9,316.7
2023-02-19T00:15:02Z,2023-02-19T00:19:00Z,4.0,79.685,129.666,80.982,130.954,137.9,146.4
2023-02-19T01:02:01Z,2023-02-19T01:06:00Z,4.0,-82.118,-34.481,-80.46,-55.668,380.0,398.9
2023-02-19T01:03:03Z,2023-02-19T01:06:00Z,2.9,-80.389,-57.469,-80.46,-55.668,25.2,34.3
2023-02-19T01:51:00Z,2023-02-19T01:53:00Z,2.0,80.895,114.923,79.79,117.706,63.9,133.5
2023-02-19T01:52:00Z,2023-02-19T01:54:00Z,2.0,78.444,98.993,81.698,96.869,324.7,364.4
2023-02-19T02:39:00Z,2023-02-19T02:40:00Z,1.0,-81.459,-70.704,-79.144,-70.09,179.3,258.0
2023-02-19T02:40:02Z,2023-02-19T02:41:00Z,1.0,-79.178,-89.467,-81.32,-88.725,221.6,238.8
2023-02-19T03:26:58Z,2023-02-19T03:28:00Z,1.0,81.807,102.606,80.793,85.722,267.8,304.5
2023-02-19T03:27:58Z,2023-02-19T03:28:00Z,0.0,79.841,82.425,80.793,85.722,122.6,122.6
2023-02-19T04:14:57Z,2023-02-19T04:15:00Z,0.0,-82.167,-81.254,-80.245,-101.126,389.0,397.1
2023-02-19T04:15:59Z,2023-02-19T04:15:00Z,-1.0,-80.511,-104.709,-80.245,-101.126,13.7,72.9
2023-02-19T05:04:02Z,2023-02-19T05:02:00Z,-2.0,80.816,65.94,79.55,72.026,38.6,182.0
2023-02-19T05:05:02Z,2023-02-19T05:03:00Z,-2.0,78.337,50.286,81.567,51.998,347.5,361.0
2023-02-19T05:52:02Z,2023-02-19T05:50:00Z,-2.0,-81.381,-119.957,-81.155,-133.816,153.1,235.0
2023-02-19T05:52:58Z,2023-02-19T05:50:00Z,-3.0,-79.329,-136.875,-81.155,-133.816,207.8,211.3
2023-02-19T06:40:02Z,2023-02-19T06:37:00Z,-3.0,81.695,52.497,80.595,40.393,225.8,240.2
2023-02-19T06:41:02Z,2023-02-19T06:37:00Z,-4.0,79.648,32.965,80.595,40.393,161.9,176.5
2023-02-19T07:28:01Z,2023-02-19T07:24:00Z,-4.0,-82.097,-131.47,-80.024,-146.674,347.5,348.0
2023-02-19T07:28:57Z,2023-02-19T07:24:00Z,-5.0,-80.574,-152.422,-80.024,-146.674,12.5,124.0
2023-02-19T08:17:00Z,2023-02-19T08:12:00Z,-5.0,80.871,18.222,81.424,7.035,41.3,200.9
2023-02-19T08:18:00Z,2023-02-19T08:12:00Z,-6.0,78.412,2.371,81.424,7.035,344.8,347.1
2023-02-19T09:05:00Z,2023-02-19T08:59:00Z,-6.0,-81.433,-167.534,-80.98,-179.004,153.8,201.2
2023-02-19T09:06:02Z,2023-02-19T08:59:00Z,-7.0,-79.138,173.828,-80.98,-179.004,244.5,246.7
2023-02-19T09:52:58Z,2023-02-19T09:46:00Z,-7.0,81.779,5.599,80.388,-5.03,236.3,239.4
2023-02-19T09:53:57Z,2023-02-19T09:46:00Z,-8.0,79.831,-14.143,80.388,-5.03,142.4,184.7
2023-02-19T10:40:57Z,2023-02-19T10:33:00Z,-8.0,-82.152,-178.243,-79.796,167.691,356.9,357.6
2023-02-19T10:41:59Z,2023-02-19T10:33:00Z,-9.0,-80.473,158.452,-79.796,167.691,40.2,191.4
2023-02-19T11:30:02Z,2023-02-19T11:21:00Z,-9.0,80.791,-30.827,81.27,-38.023,15.9,135.7
2023-02-19T11:31:02Z,2023-02-19T11:21:00Z,-10.0,78.303,-46.386,81.27,-38.023,367.3,368.4
2023-02-19T12:18:02Z,2023-02-19T12:08:00Z,-10.0,-81.362,143.246,-80.796,135.713,126.5,144.4
2023-02-19T12:18:58Z,2023-02-19T12:08:00Z,-11.0,-79.298,126.423,-80.796,135.713,229.3,243.9
2023-02-19T13:06:02Z,2023-02-19T12:55:00Z,-11.0,81.685,-44.236,80.174,-50.544,199.6,201.1
2023-02-19T13:07:02Z,2023-02-19T12:55:00Z,-12.0,79.627,-63.693,80.174,-50.544,182.5,263.2
2023-02-19T13:53:59Z,2023-02-19T13:42:00Z,-12.0,-82.114,132.413,-79.562,121.973,328.9,338.0
2023-02-19T13:55:01Z,2023-02-19T13:43:00Z,-12.0,-80.38,109.454,-81.568,102.001,63.1,185.3
2023-02-19T14:43:00Z,2023-02-19T14:30:00Z,-13.0,80.85,-78.506,81.104,-83.162,17.1,86.0
2023-02-19T14:44:00Z,2023-02-19T14:30:00Z,-14.0,78.383,-94.275,81.104,-83.162,363.2,373.2
2023-02-19T15:31:00Z,2023-02-19T15:17:00Z,-14.0,-81.412,95.673,-80.602,90.35,127.3,129.2
2023-02-19T15:32:02Z,2023-02-19T15:17:00Z,-15.0,-79.104,77.141,-80.602,90.35,265.0,307.0
2023-02-19T16:18:58Z,2023-02-19T16:04:00Z,-15.0,81.768,-91.056,79.952,-96.132,211.0,221.0
2023-02-19T16:19:58Z,2023-02-19T16:05:00Z,-15.0,79.773,-111.007,81.78,-117.53,166.3,251.5
2023-02-19T18:44:00Z,2023-02-19T18:26:00Z,-18.0,-81.385,47.106,-80.4,44.889,111.4,116.3
2023-02-19T18:45:02Z,2023-02-19T18:27:00Z,-18.0,-79.064,28.697,-81.973,21.999,276.1,345.8
2023-02-19T19:31:58Z,2023-02-19T19:13:00Z,-19.0,81.751,-139.593,79.725,-141.811,195.5,229.0
2023-02-19T19:32:58Z,2023-02-19T19:14:00Z,-19.0,79.743,-159.444,81.663,-162.426,178.8,220.3
2023-02-19T20:19:57Z,2023-02-19T20:00:00Z,-20.0,-82.124,36.268,-79.077,30.325,309.9,355.5
2023-02-19T20:20:59Z,2023-02-19T20:01:00Z,-20.0,-80.407,13.204,-81.278,11.896,76.0,99.6
2023-02-19T21:08:02Z,2023-02-19T20:48:00Z,-20.0,82.224,-152.668,80.743,-173.734,353.1,381.5
2023-02-19T21:09:02Z,2023-02-19T20:48:00Z,-21.0,80.734,-176.079,80.743,-173.734,22.5,42.0
2023-02-19T21:57:02Z,2023-02-19T21:35:00Z,-22.0,-81.307,-2.154,-80.192,-0.657,84.3,127.0
2023-02-19T21:57:58Z,2023-02-19T21:36:00Z,-22.0,-79.218,-18.751,-81.887,-22.8,261.4,306.0
2023-02-19T22:45:00Z,2023-02-19T22:22:00Z,-23.0,81.689,171.11,79.492,172.431,168.5,245.7
2023-02-19T22:46:00Z,2023-02-19T22:23:00Z,-23.0,79.636,151.623,81.535,152.594,202.7,212.1
2023-02-19T23:32:59Z,2023-02-19T23:10:00Z,-23.0,-82.089,-12.987,-81.117,-33.298,287.0,345.3
2023-02-19T23:34:01Z,2023-02-19T23:10:00Z,-24.0,-80.323,-35.732,-81.117,-33.298,98.5,98.6
2023-02-20T00:21:00Z,2023-02-19T23:57:00Z,-24.0,82.243,159.734,80.55,140.845,350.2,364.2
2023-02-20T00:22:00Z,2023-02-19T23:57:00Z,-25.0,80.786,136.131,80.55,140.845,22.4,89.0
2023-02-20T01:10:00Z,2023-02-20T00:44:00Z,-26.0,-81.364,-49.701,-79.977,-46.287,86.5,166.2
2023-02-20T01:11:02Z,2023-02-20T00:45:00Z,-26.0,-79.03,-68.001,-81.787,-67.671,294.5,306.9
2023-02-20T01:57:58Z,2023-02-20T01:32:00Z,-26.0,81.735,123.589,81.394,107.527,172.1,264.1
2023-02-20T01:58:58Z,2023-02-20T01:32:00Z,-27.0,79.713,103.846,81.394,107.527,198.5,198.8
2023-02-20T02:45:57Z,2023-02-20T02:19:00Z,-27.0,-82.118,-60.436,-80.948,-78.599,286.8,323.2
2023-02-20T02:46:59Z,2023-02-20T02:19:00Z,-28.0,-80.392,-83.439,-80.948,-78.599,95.4,107.0
2023-02-20T03:34:02Z,2023-02-20T03:06:00Z,-28.0,82.211,110.38,80.35,95.335,323.0,326.1
2023-02-20T03:35:02Z,2023-02-20T03:06:00Z,-29.0,80.698,87.102,80.35,95.335,46.1,155.6
2023-02-20T04:23:02Z,2023-02-20T03:53:00Z,-30.0,-81.291,-98.834,-79.758,-92.014,61.9,211.2
2023-02-20T04:23:58Z,2023-02-20T03:54:00Z,-30.0,-79.195,-115.367,-81.676,-112.645,277.8,280.7
2023-02-20T05:11:00Z,2023-02-20T04:41:00Z,-30.0,81.664,74.236,81.244,62.366,144.5,201.5
2023-02-21T07:43:58Z,2023-02-21T08:14:00Z,30.0,-80.213,-159.033,-77.617,-146.427,16.8,393.8
2023-02-21T08:32:01Z,2023-02-21T09:02:00Z,30.0,80.567,11.725,79.548,12.177,79.7,113.8
2023-02-21T08:33:01Z,2023-02-21T09:02:00Z,29.0,78.007,-3.1,79.548,12.177,325.1,371.2
2023-02-21T09:20:01Z,2023-02-21T09:49:00Z,29.0,-81.158,-174.617,-78.9,-175.884,193.2,252.5
2023-02-21T09:20:57Z,2023-02-21T09:50:00Z,29.0,-79.003,169.38,-81.163,166.22,180.3,247.9
2023-02-21T10:07:59Z,2023-02-21T10:37:00Z,29.0,81.573,-1.416,80.606,-19.575,288.9,329.5
2023-02-21T10:08:59Z,2023-02-21T10:37:00Z,28.0,79.444,-20.273,80.606,-19.575,115.7,130.1
2023-02-21T10:57:00Z,2023-02-21T11:24:00Z,27.0,-80.119,152.001,-80.049,153.275,8.6,25.6
2023-02-21T11:44:59Z,2023-02-21T12:11:00Z,26.0,80.621,-36.104,79.335,-33.775,77.3,150.1
2023-02-21T11:45:59Z,2023-02-21T12:12:00Z,26.0,78.076,-51.09,81.442,-53.103,323.3,376.8
2023-02-21T12:32:57Z,2023-02-21T12:58:00Z,25.0,-81.266,138.33,-78.674,138.012,203.8,288.5
2023-02-21T12:33:59Z,2023-02-21T12:59:00Z,25.0,-78.881,120.484,-81.012,120.77,209.7,237.3
2023-02-21T13:20:57Z,2023-02-21T13:46:00Z,25.0,81.621,-48.96,80.428,-65.23,288.4,310.8
2023-02-21T13:21:57Z,2023-02-21T13:46:00Z,24.0,79.522,-68.067,80.428,-65.23,114.4,114.8
2023-02-21T14:09:02Z,2023-02-21T14:33:00Z,24.0,-81.9,123.759,-79.852,107.438,364.1,365.2
2023-02-21T14:09:58Z,2023-02-21T14:33:00Z,23.0,-80.177,104.174,-79.852,107.438,10.1,72.6
2023-02-21T14:58:01Z,2023-02-21T15:20:00Z,22.0,80.538,-85.031,79.119,-79.79,50.7,188.5
2023-02-21T14:59:01Z,2023-02-21T15:21:00Z,22.0,77.969,-99.762,81.31,-98.439,348.1,372.9
2023-02-21T15:46:01Z,2023-02-21T16:08:00Z,22.0,-81.121,88.47,-80.855,75.242,163.7,232.0
2023-02-21T15:46:57Z,2023-02-21T16:08:00Z,21.0,-78.951,72.61,-80.855,75.242,209.4,218.1
2023-02-21T16:33:59Z,2023-02-21T16:55:00Z,21.0,81.548,-98.235,80.245,-110.966,257.8,266.2
2023-02-21T16:34:59Z,2023-02-21T16:55:00Z,20.0,79.406,-116.974,80.245,-110.966,143.1,150.5
2023-02-21T18:11:00Z,2023-02-21T18:30:00Z,19.0,80.552,-133.144,81.172,-143.862,44.8,201.3
2023-02-21T18:12:01Z,2023-02-21T18:30:00Z,18.0,77.94,-148.115,81.172,-143.862,361.5,369.6
2023-02-21T18:59:01Z,2023-02-21T19:17:00Z,18.0,-81.1,40.022,-80.693,29.625,147.8,188.4
2023-02-21T18:59:57Z,2023-02-21T19:17:00Z,17.0,-78.923,24.235,-80.693,29.625,223.5,223.6
2023-02-21T19:46:59Z,2023-02-21T20:04:00Z,17.0,81.525,-146.806,80.058,-156.769,239.9,240.6
2023-02-21T19:47:59Z,2023-02-21T20:04:00Z,16.0,79.37,-165.43,80.058,-156.769,159.0,188.2
2023-02-21T20:34:58Z,2023-02-21T20:51:00Z,16.0,-81.954,28.44,-79.451,15.554,356.9,360.8
2023-02-21T20:36:00Z,2023-02-21T20:51:00Z,15.0,-80.041,6.729,-79.451,15.554,54.8,186.6
2023-02-21T21:23:57Z,2023-02-21T21:39:00Z,15.0,80.628,179.238,81.025,170.644,47.2,158.6
2023-02-21T21:24:57Z,2023-02-21T21:39:00Z,14.0,78.086,164.222,81.025,170.644,350.4,351.4
2023-02-21T22:11:57Z,2023-02-21T22:26:00Z,14.0,-81.2,-7.157,-80.524,-16.056,156.6,174.1
2023-02-21T22:12:59Z,2023-02-21T22:26:00Z,13.0,-78.785,-24.722,-80.524,-16.056,253.8,259.4
2023-02-21T23:00:01Z,2023-02-21T23:13:00Z,13.0,81.461,164.033,79.867,157.36,211.9,214.2
2023-02-21T23:01:01Z,2023-02-21T23:13:00Z,12.0,79.267,145.734,79.867,157.36,184.8,243.2
2023-02-21T23:48:00Z,2023-02-22T00:00:00Z,12.0,-81.9,-20.972,-79.245,-30.478,326.0,341.7
2023-02-21T23:49:02Z,2023-02-22T00:01:00Z,12.0,-79.932,-42.289,-81.382,-49.429,80.9,206.3
2023-02-22T00:37:01Z,2023-02-22T00:48:00Z,11.0,80.474,129.671,80.873,125.076,8.2,94.0
2023-02-22T00:38:01Z,2023-02-22T00:48:00Z,10.0,77.885,115.144,80.873,125.076,387.1,389.0
2023-02-22T01:25:01Z,2023-02-22T01:35:00Z,10.0,-81.057,-56.986,-80.351,-61.808,115.2,116.9
2023-02-22T01:25:57Z,2023-02-22T01:35:00Z,9.0,-78.86,-72.601,-80.351,-61.808,252.1,272.3
2023-02-22T02:12:59Z,2023-02-22T02:22:00Z,9.0,81.498,116.282,79.673,111.424,208.8,221.5
2023-02-22T02:13:59Z,2023-02-22T02:22:00Z,8.0,79.325,97.804,79.673,111.424,185.6,278.4
2023-02-22T03:00:58Z,2023-02-22T03:09:00Z,8.0,-81.935,-68.492,-79.039,-76.572,324.9,354.3
2023-02-22T03:02:00Z,2023-02-22T03:10:00Z,8.0,-80.001,-90.058,-81.253,-94.885,79.7,164.5
2023-02-22T03:49:57Z,2023-02-22T03:57:00Z,7.0,80.583,82.356,80.714,79.441,17.3,54.7
2023-02-22T03:50:57Z,2023-02-22T03:57:00Z,6.0,78.027,67.484,80.714,79.441,375.8,385.5
2023-02-22T04:37:57Z,2023-02-22T04:44:00Z,6.0,-81.17,-103.97,-80.175,-107.634,127.6,128.9
2023-02-22T04:38:59Z,2023-02-22T04:44:00Z,5.0,-78.742,-121.413,-80.175,-107.634,278.0,321.7
2023-02-22T05:26:01Z,2023-02-22T05:31:00Z,5.0,81.429,67.134,79.475,65.433,181.2,219.8
2023-02-22T05:27:01Z,2023-02-22T05:32:00Z,5.0,79.219,48.983,81.525,45.649,208.6,264.0
2023-02-22T06:14:00Z,2023-02-22T06:18:00Z,4.0,-81.87,-117.999,-78.829,-122.715,292.7,349.5
2023-02-22T06:15:02Z,2023-02-22T06:19:00Z,4.0,-79.878,-139.126,-81.116,-140.402,109.5,139.9
2023-02-22T07:02:59Z,2023-02-22T07:06:00Z,3.0,80.499,33.424,80.551,33.731,7.9,8.0
2023-02-22T07:51:00Z,2023-02-22T07:53:00Z,2.0,-81.069,-153.313,-79.994,-153.516,96.0,119.8
2023-02-22T07:52:02Z,2023-02-22T07:54:00Z,2.0,-78.598,-170.342,-81.795,-174.959,305.0,366.3
2023-02-22T08:38:59Z,2023-02-22T08:40:00Z,1.0,81.465,19.369,79.275,19.379,178.2,243.9
2023-02-22T08:39:59Z,2023-02-22T08:41:00Z,1.0,79.275,1.043,81.407,0.241,209.1,237.7
2023-02-22T09:26:58Z,2023-02-22T09:28:00Z,1.0,-81.9,-165.678,-80.974,174.012,292.6,350.0
2023-02-22T09:28:00Z,2023-02-22T09:28:00Z,-0.0,-79.934,172.995,-80.974,174.012,110.1,117.2
2023-02-22T10:14:57Z,2023-02-22T10:15:00Z,0.0,82.154,8.301,80.383,-12.045,380.0,393.3
2023-02-22T10:15:57Z,2023-02-22T10:15:00Z,-1.0,80.551,-14.424,80.383,-12.045,9.2,47.7
2023-02-22T11:03:57Z,2023-02-22T11:02:00Z,-2.0,-81.117,158.916,-79.809,160.541,94.5,148.7
2023-02-22T11:04:59Z,2023-02-22T11:03:00Z,-2.0,-78.665,141.701,-81.702,139.737,303.9,340.1
2023-02-22T11:52:01Z,2023-02-22T11:50:00Z,-2.0,81.391,-29.904,81.281,-45.235,152.3,256.6
2023-02-22T11:53:01Z,2023-02-22T11:50:00Z,-3.0,79.159,-47.866,81.281,-45.235,235.2,241.4
2023-02-22T12:40:00Z,2023-02-22T12:37:00Z,-3.0,-81.851,145.052,-80.825,128.358,264.9,300.9
2023-02-22T12:41:02Z,2023-02-22T12:37:00Z,-4.0,-79.837,124.073,-80.825,128.358,135.0,136.0
2023-02-22T13:27:59Z,2023-02-22T13:24:00Z,-4.0,82.11,-41.198,80.21,-57.885,349.2,353.2
2023-02-22T13:28:59Z,2023-02-22T13:24:00Z,-5.0,80.447,-63.536,80.21,-57.885,37.3,108.9
2023-02-22T14:16:59Z,2023-02-22T14:11:00Z,-6.0,-81.044,109.883,-79.621,114.54,69.3,180.6
2023-02-22T14:18:01Z,2023-02-22T14:12:00Z,-6.0,-78.56,92.964,-81.601,94.371,326.4,339.6
2023-02-22T15:04:57Z,2023-02-22T14:59:00Z,-6.0,81.485,-76.881,81.149,-90.778,163.0,235.9
2023-02-22T15:05:57Z,2023-02-22T14:59:00Z,-7.0,79.305,-95.298,81.149,-90.778,221.9,222.2
2023-02-22T15:53:03Z,2023-02-22T15:46:00Z,-7.1,-81.783,95.653,-80.671,82.638,234.9,252.5
2023-02-22T15:53:58Z,2023-02-22T15:46:00Z,-8.0,-79.971,76.747,-80.671,82.638,122.5,135.0
2023-02-22T16:40:57Z,2023-02-22T16:33:00Z,-8.0,82.13,-88.813,80.034,-103.787,346.0,346.3
2023-02-22T16:41:57Z,2023-02-22T16:33:00Z,-9.0,80.498,-111.342,80.034,-103.787,37.8,151.1
2023-02-22T18:18:01Z,2023-02-22T18:08:00Z,-10.0,81.354,-126.806,81.011,-136.388,123.1,167.7
2023-02-22T18:19:01Z,2023-02-22T18:08:00Z,-11.0,79.106,-144.614,81.011,-136.388,258.8,264.0
2023-02-22T19:05:56Z,2023-02-22T18:55:00Z,-10.9,-81.898,49.582,-80.513,36.855,257.1,265.0
2023-02-22T19:06:58Z,2023-02-22T18:55:00Z,-12.0,-79.933,28.256,-80.513,36.855,137.1,174.7
2023-02-22T19:54:01Z,2023-02-22T19:42:00Z,-12.0,82.057,-138.993,79.855,-149.749,305.7,308.1
2023-02-22T19:55:01Z,2023-02-22T19:42:00Z,-13.0,80.333,-160.916,79.855,-149.749,75.1,220.0
2023-02-22T20:43:02Z,2023-02-22T20:30:00Z,-13.0,-80.908,12.036,-81.377,3.447,25.8,156.0
2023-02-22T20:43:58Z,2023-02-22T20:30:00Z,-14.0,-78.658,-3.058,-81.377,3.447,327.2,327.3
2023-02-22T21:31:01Z,2023-02-22T21:17:00Z,-14.0,81.335,-175.325,80.868,177.936,108.2,127.0
2023-02-22T21:32:01Z,2023-02-22T21:17:00Z,-15.0,79.075,166.962,80.868,177.936,270.8,290.8
2023-02-22T22:19:01Z,2023-02-22T22:04:00Z,-15.0,-81.791,-0.721,-80.351,-8.993,214.3,214.4
2023-02-22T22:19:56Z,2023-02-22T22:04:00Z,-15.9,-79.984,-19.67,-80.351,-8.993,137.7,206.7
2023-02-22T23:06:59Z,2023-02-22T22:51:00Z,-16.0,82.079,173.254,79.67,164.247,301.3,311.0
2023-02-22T23:07:59Z,2023-02-22T22:52:00Z,-16.0,80.378,151.171,81.634,143.812,74.5,189.4
2023-02-22T23:55:59Z,2023-02-22T23:39:00Z,-17.0,-80.976,-35.562,-81.256,-42.115,28.8,116.8
2023-02-22T23:57:01Z,2023-02-22T23:39:00Z,-18.0,-78.465,-52.215,-81.256,-42.115,360.4,367.3
2023-02-23T00:43:57Z,2023-02-23T00:26:00Z,-18.0,81.432,137.642,80.718,132.212,118.9,122.9
2023-02-23T00:44:57Z,2023-02-23T00:26:00Z,-19.0,79.222,119.486,80.718,132.212,257.2,296.7
2023-02-23T01:32:03Z,2023-02-23T01:13:00Z,-19.1,-81.736,-49.933,-80.185,-54.901,188.4,193.1
2023-02-23T01:32:58Z,2023-02-23T01:13:00Z,-20.0,-79.888,-68.57,-80.185,-54.901,160.7,264.7
2023-02-23T02:20:01Z,2023-02-23T02:00:00Z,-20.0,82.032,123.832,79.486,118.172,272.7,300.6
2023-02-23T02:21:01Z,2023-02-23T02:01:00Z,-20.0,80.275,102.124,81.531,98.351,100.0,154.7
2023-02-23T03:09:02Z,2023-02-23T02:48:00Z,-21.0,-80.88,-84.75,-81.128,-87.741,1.6,58.9
2023-02-23T03:09:57Z,2023-02-23T02:48:00Z,-22.0,-78.619,-99.745,-81.128,-87.741,345.7,363.6
2023-02-23T03:56:59Z,2023-02-23T03:35:00Z,-22.0,81.352,88.401,80.566,86.405,91.8,94.3
2023-02-23T03:57:59Z,2023-02-23T03:35:00Z,-23.0,79.102,70.608,80.566,86.405,281.0,349.0
2023-02-23T04:44:59Z,2023-02-23T04:22:00Z,-23.0,-81.811,-96.833,-80.015,-100.868,198.3,212.0
2023-02-23T04:46:01Z,2023-02-23T04:23:00Z,-23.0,-79.769,-117.578,-81.806,-122.387,184.5,242.2
2023-02-23T05:32:59Z,2023-02-23T05:09:00Z,-24.0,82.06,76.332,79.299,72.044,271.9,316.7
2023-02-23T05:33:59Z,2023-02-23T05:10:00Z,-24.0,80.339,54.388,81.421,52.827,97.7,123.6
2023-02-24T13:44:02Z,2023-02-24T14:14:00Z,30.0,79.931,-71.066,78.716,-60.993,34.3,247.4
2023-02-24T14:31:59Z,2023-02-24T15:02:00Z,30.0,-80.692,102.757,-80.565,94.756,99.9,145.6
2023-02-24T14:33:01Z,2023-02-24T15:02:00Z,29.0,-78.076,87.132,-80.565,94.756,318.0,318.0
2023-02-24T15:20:02Z,2023-02-24T15:49:00Z,29.0,81.026,-86.057,79.916,-91.804,162.6,162.6
2023-02-24T15:20:58Z,2023-02-24T15:49:00Z,28.0,78.819,-101.567,79.916,-91.804,213.2,234.3
2023-02-24T16:07:59Z,2023-02-24T16:36:00Z,28.0,-81.611,89.166,-79.315,80.295,293.1,302.8
2023-02-24T16:09:01Z,2023-02-24T16:36:00Z,27.0,-79.424,69.593,-79.315,80.295,124.0,219.8
2023-02-24T16:56:58Z,2023-02-24T17:24:00Z,27.0,80.084,-118.228,80.928,-124.332,16.8,146.1
2023-02-24T18:33:01Z,2023-02-24T18:58:00Z,25.0,81.032,-134.221,79.762,-137.985,151.9,157.7
2023-02-24T18:33:57Z,2023-02-24T18:58:00Z,24.0,78.828,-149.758,79.762,-137.985,222.2,264.1
2023-02-24T19:20:58Z,2023-02-24T19:45:00Z,24.0,-81.613,40.965,-79.15,33.993,281.1,302.8
2023-02-24T19:22:00Z,2023-02-24T19:46:00Z,24.0,-79.428,21.379,-81.324,15.339,131.5,238.9
2023-02-24T20:09:57Z,2023-02-24T20:33:00Z,23.0,80.092,-166.425,80.804,-170.271,26.8,106.4
2023-02-24T20:58:00Z,2023-02-24T21:20:00Z,22.0,-80.607,5.536,-80.289,2.643,60.7,64.1
2023-02-24T20:59:02Z,2023-02-24T21:20:00Z,21.0,-77.964,-9.808,-80.289,2.643,353.4,366.4
2023-02-24T21:46:03Z,2023-02-24T22:07:00Z,20.9,80.955,176.724,79.606,175.791,124.1,151.2
2023-02-24T21:46:58Z,2023-02-24T22:07:00Z,20.0,78.722,161.468,79.606,175.791,248.1,314.5
2023-02-24T22:33:59Z,2023-02-24T22:54:00Z,20.0,-81.553,-8.217,-78.984,-12.347,252.7,296.1
2023-02-24T22:35:01Z,2023-02-24T22:55:00Z,20.0,-79.327,-27.469,-81.218,-30.495,158.0,218.0
2023-02-24T23:22:02Z,2023-02-24T23:42:00Z,20.0,81.801,163.672,80.677,143.742,318.6,358.2
2023-02-24T23:22:58Z,2023-02-24T23:42:00Z,19.0,80.001,144.669,80.677,143.742,53.4,77.2
2023-02-25T00:11:01Z,2023-02-25T00:29:00Z,18.0,-80.528,-43.405,-80.149,-43.497,34.6,42.2
2023-02-25T00:11:57Z,2023-02-25T00:29:00Z,17.0,-78.155,-57.285,-80.149,-43.497,336.2,362.8
2023-02-25T00:58:58Z,2023-02-25T01:16:00Z,17.0,81.084,129.786,79.449,129.524,138.3,182.1
2023-02-25T01:00:00Z,2023-02-25T01:17:00Z,17.0,78.617,112.708,81.51,109.823,270.8,326.7
2023-02-25T01:47:01Z,2023-02-25T02:03:00Z,16.0,-81.494,-57.294,-78.82,-58.738,226.1,298.9
2023-02-25T01:47:57Z,2023-02-25T02:04:00Z,16.0,-79.5,-74.724,-81.111,-76.399,141.5,182.1
2023-02-25T02:34:58Z,2023-02-25T02:51:00Z,16.0,81.888,117.052,80.547,97.702,332.3,358.9
2023-02-25T02:36:00Z,2023-02-25T02:51:00Z,15.0,79.911,95.809,80.547,97.702,78.9,79.3
2023-02-25T03:23:56Z,2023-02-25T03:38:00Z,14.1,-80.671,-90.405,-80.006,-89.669,49.9,75.4
2023-02-25T04:11:59Z,2023-02-25T04:25:00Z,13.0,81.008,80.773,79.291,83.218,111.7,196.7
2023-02-25T04:13:01Z,2023-02-25T04:26:00Z,13.0,78.512,63.988,81.417,64.026,295.2,323.4
2023-02-25T05:00:02Z,2023-02-25T05:13:00Z,13.0,-81.428,-106.404,-80.999,-122.333,201.6,274.1
2023-02-25T05:00:58Z,2023-02-25T05:13:00Z,12.0,-79.399,-123.539,-80.999,-122.333,166.8,179.5
2023-02-25T05:47:59Z,2023-02-25T06:00:00Z,12.0,81.835,67.845,80.415,51.618,304.2,318.8
2023-02-25T05:49:01Z,2023-02-25T06:00:00Z,11.0,79.814,46.943,80.415,51.618,104.6,111.6
2023-02-25T06:36:02Z,2023-02-25T06:47:00Z,11.0,-82.099,-118.419,-79.861,-135.881,390.5,391.0
2023-02-25T06:36:58Z,2023-02-25T06:47:00Z,10.0,-80.582,-139.411,-79.861,-135.881,22.8,104.4
2023-02-25T07:25:01Z,2023-02-25T07:34:00Z,9.0,80.928,31.726,79.132,36.876,84.7,223.0
2023-02-25T07:26:03Z,2023-02-25T07:35:00Z,8.9,78.4,15.247,81.319,18.183,319.9,329.9
2023-02-25T08:12:58Z,2023-02-25T08:22:00Z,9.0,-81.529,-153.261,-80.883,-168.314,214.1,265.2
2023-02-25T08:14:00Z,2023-02-25T08:22:00Z,8.0,-79.29,-172.398,-80.883,-168.314,193.0,193.7
2023-02-25T09:01:01Z,2023-02-25T09:09:00Z,8.0,81.781,18.61,80.281,5.491,276.1,281.3
2023-02-25T09:01:57Z,2023-02-25T09:09:00Z,7.0,79.968,-0.287,80.281,5.491,89.7,115.6
2023-02-25T09:50:00Z,2023-02-25T09:56:00Z,6.0,-80.491,171.559,-79.714,177.866,4.3,148.3
2023-02-25T10:38:03Z,2023-02-25T10:44:00Z,5.9,80.852,-17.307,81.218,-27.708,61.3,184.7
2023-02-25T10:38:58Z,2023-02-25T10:44:00Z,5.0,78.581,-32.203,81.218,-27.708,303.1,306.2
2023-02-25T11:25:59Z,2023-02-25T11:31:00Z,5.0,-81.467,157.583,-80.765,145.66,187.0,218.9
2023-02-25T11:27:01Z,2023-02-25T11:31:00Z,4.0,-79.19,138.773,-80.765,145.66,217.5,220.0
2023-02-25T12:14:02Z,2023-02-25T12:18:00Z,4.0,81.731,-30.529,80.144,-40.68,249.8,250.1
2023-02-25T12:14:58Z,2023-02-25T12:18:00Z,3.0,79.882,-49.142,80.144,-40.68,113.7,165.8
2023-02-25T13:01:59Z,2023-02-25T13:05:00Z,3.0,-82.127,145.728,-79.567,131.575,374.9,377.5
2023-02-25T13:03:01Z,2023-02-25T13:05:00Z,2.0,-80.412,122.64,-79.567,131.575,28.6,196.5
2023-02-25T13:03:57Z,2023-02-25T13:06:00Z,2.0,-78.005,109.096,-81.571,111.586,388.8,399.9
2023-02-25T13:50:58Z,2023-02-25T13:53:00Z,2.0,80.987,-64.211,81.113,-73.632,76.8,163.6
2023-02-25T13:52:00Z,2023-02-25T13:53:00Z,1.0,78.481,-80.907,81.113,-73.632,325.5,325.6
2023-02-25T14:39:01Z,2023-02-25T14:40:00Z,1.0,-81.404,108.522,-80.643,99.599,161.3,176.4
2023-02-25T14:39:57Z,2023-02-25T14:40:00Z,0.0,-79.363,91.495,-80.643,99.599,200.4,211.4
2023-02-25T15:26:58Z,2023-02-25T15:27:00Z,0.0,81.821,-77.178,80.006,-86.882,263.4,263.8
2023-02-25T15:28:00Z,2023-02-25T15:27:00Z,-1.0,79.787,-97.985,80.006,-86.882,137.9,217.8
2023-02-25T16:15:01Z,2023-02-25T16:14:00Z,-1.0,-82.085,96.462,-79.418,85.253,347.0,357.0
2023-02-25T16:16:02Z,2023-02-25T16:15:00Z,-1.0,-80.358,74.007,-81.486,65.754,44.9,191.4
2023-02-25T18:40:02Z,2023-02-25T18:36:00Z,-4.0,81.688,-127.663,79.867,-133.138,215.8,224.8
2023-02-25T18:40:58Z,2023-02-25T18:36:00Z,-5.0,79.812,-146.06,79.867,-133.138,142.9,253.3
2023-02-25T19:27:59Z,2023-02-25T19:23:00Z,-5.0,-82.093,48.441,-79.269,38.885,338.0,357.4
2023-02-25T19:29:01Z,2023-02-25T19:24:00Z,-5.0,-80.339,25.622,-81.397,19.861,57.7,155.5
2023-02-25T20:16:58Z,2023-02-25T20:11:00Z,-6.0,80.926,-161.293,80.895,-165.652,44.5,76.7
2023-02-25T20:18:00Z,2023-02-25T20:11:00Z,-7.0,78.398,-177.765,80.895,-165.652,352.3,367.4
2023-02-25T21:05:01Z,2023-02-25T20:58:00Z,-7.0,-81.346,11.303,-80.396,7.319,126.7,126.9
2023-02-25T21:05:57Z,2023-02-25T20:58:00Z,-8.0,-79.276,-5.474,-80.396,7.319,230.0,279.7
2023-02-25T21:52:58Z,2023-02-25T21:45:00Z,-8.0,81.779,-174.402,79.727,-179.433,228.7,245.3
2023-02-25T21:54:00Z,2023-02-25T21:46:00Z,-8.0,79.713,165.049,81.665,159.936,164.9,235.8
2023-02-25T22:41:01Z,2023-02-25T22:32:00Z,-9.0,-82.05,-1.003,-79.12,-7.518,308.6,346.6
2023-02-25T22:41:57Z,2023-02-25T22:33:00Z,-9.0,-80.472,-21.613,-81.305,-26.078,44.9,121.6
2023-02-25T23:30:00Z,2023-02-25T23:20:00Z,-10.0,80.826,149.453,80.783,148.269,15.4,21.6
2023-02-26T00:18:02Z,2023-02-26T00:07:00Z,-11.0,-81.281,-37.774,-80.27,-38.885,101.9,114.2
2023-02-26T00:18:58Z,2023-02-26T00:07:00Z,-12.0,-79.18,-54.27,-80.27,-38.885,252.1,327.5
2023-02-26T01:05:59Z,2023-02-26T00:54:00Z,-12.0,81.726,136.397,79.587,134.233,202.6,241.3
2023-02-26T01:07:01Z,2023-02-26T00:55:00Z,-12.0,79.617,116.184,81.589,114.074,188.0,222.8
2023-02-26T01:54:02Z,2023-02-26T01:41:00Z,-13.0,-82.015,-50.072,-78.971,-53.956,284.6,346.1
2023-02-26T01:54:58Z,2023-02-26T01:42:00Z,-13.0,-80.4,-70.426,-81.21,-72.063,66.1,94.7
2023-02-26T02:43:01Z,2023-02-26T02:29:00Z,-14.0,80.767,100.667,80.668,102.152,4.8,28.9
2023-02-26T03:30:58Z,2023-02-26T03:16:00Z,-15.0,-81.394,-84.584,-80.144,-85.136,116.3,139.5
2023-02-26T03:32:00Z,2023-02-26T03:17:00Z,-15.0,-79.078,-103.046,-81.866,-107.108,272.2,319.1
2023-02-26T04:19:01Z,2023-02-26T04:03:00Z,-16.0,81.666,87.224,79.446,87.866,176.7,247.4
2023-02-26T04:19:57Z,2023-02-26T04:04:00Z,-16.0,79.775,68.947,81.509,68.173,171.9,193.5
2023-02-26T05:06:58Z,2023-02-26T04:51:00Z,-16.0,-82.08,-96.678,-81.113,-118.101,299.6,362.3
2023-02-26T05:08:00Z,2023-02-26T04:51:00Z,-17.0,-80.307,-119.379,-81.113,-118.101,90.1,92.6
2023-02-26T05:55:01Z,2023-02-26T05:38:00Z,-17.0,82.227,75.768,80.552,55.983,359.7,376.1
2023-02-26T05:55:56Z,2023-02-26T05:38:00Z,-17.9,80.895,53.668,80.552,55.983,9.6,56.5
2023-02-26T06:43:59Z,2023-02-26T06:25:00Z,-19.0,-81.32,-133.749,-80.017,-131.423,90.3,151.0
2023-02-26T06:45:01Z,2023-02-26T06:26:00Z,-19.0,-78.965,-151.867,-81.807,-152.945,295.0,316.9
2023-02-26T07:32:02Z,2023-02-26T07:13:00Z,-19.0,81.602,38.02,81.426,22.218,153.3,259.5
2023-02-26T07:32:58Z,2023-02-26T07:13:00Z,-20.0,79.672,20.062,81.426,22.218,195.0,199.1
2023-02-26T08:19:59Z,2023-02-26T08:00:00Z,-20.0,-82.034,-146.045,-81.014,-164.178,271.8,316.8
2023-02-26T08:21:01Z,2023-02-26T08:00:00Z,-21.0,-80.207,-168.376,-81.014,-164.178,114.7,117.7
2023-02-26T09:08:02Z,2023-02-26T08:47:00Z,-21.0,82.197,26.404,80.435,9.771,332.2,339.5
2023-02-26T09:08:58Z,2023-02-26T08:47:00Z,-22.0,80.812,4.603,80.435,9.771,14.9,102.7
2023-02-26T09:57:01Z,2023-02-26T09:34:00Z,-23.0,-81.243,177.064,-79.888,-177.749,64.5,177.9
2023-02-26T09:57:57Z,2023-02-26T09:35:00Z,-23.0,-79.126,160.714,-81.744,161.175,279.1,291.5
2023-02-26T10:44:58Z,2023-02-26T10:22:00Z,-23.0,81.701,-8.744,81.34,-23.782,166.7,249.3
2023-02-26T10:46:00Z,2023-02-26T10:22:00Z,-24.0,79.574,-28.813,81.34,-23.782,217.0,217.2
2023-02-26T11:33:01Z,2023-02-26T11:09:00Z,-24.0,-81.99,164.609,-80.912,149.701,244.9,273.3
2023-02-26T11:33:57Z,2023-02-26T11:09:00Z,-25.0,-80.35,144.426,-80.912,149.701,99.9,114.2
2023-02-26T12:20:58Z,2023-02-26T11:56:00Z,-25.0,82.246,-20.163,80.317,-36.481,343.6,347.2
2023-02-26T12:22:00Z,2023-02-26T11:56:00Z,-26.0,80.729,-44.448,80.317,-36.481,38.7,152.9
2023-02-26T13:10:03Z,2023-02-26T12:43:00Z,-27.1,-81.167,127.906,-79.76,135.888,39.6,214.6
2023-02-26T13:10:58Z,2023-02-26T12:44:00Z,-27.0,-79.016,111.865,-81.677,115.252,301.1,302.8
2023-02-26T13:57:59Z,2023-02-26T13:31:00Z,-27.0,81.645,-57.875,81.252,-69.826,142.5,202.2
2023-02-26T13:59:01Z,2023-02-26T13:31:00Z,-28.0,79.479,-77.624,81.252,-69.826,237.6,244.6
2023-02-26T14:46:02Z,2023-02-26T14:18:00Z,-28.0,-81.946,115.458,-80.809,103.537,220.7,235.1
2023-02-26T14:46:58Z,2023-02-26T14:18:00Z,-29.0,-80.267,95.557,-80.809,103.537,121.0,157.8
2023-02-26T15:33:59Z,2023-02-26T15:05:00Z,-29.0,82.217,-69.373,80.198,-82.773,318.6,318.7
2023-02-26T15:35:01Z,2023-02-26T15:05:00Z,-30.0,80.65,-93.364,80.198,-82.773,60.3,202.2
2023-02-26T16:22:02Z,2023-02-26T15:52:00Z,-30.0,-82.343,104.623,-79.631,89.489,395.5,398.5
2023-02-26T16:22:58Z,2023-02-26T15:53:00Z,-30.0,-81.289,81.122,-81.608,69.287,57.4,198.7
2023-02-27T18:55:57Z,2023-02-27T19:26:00Z,30.0,79.293,-152.898,79.141,-141.01,138.5,247.7
2023-02-27T19:44:00Z,2023-02-27T20:14:00Z,30.0,-79.83,18.282,-80.903,13.642,53.3,147.3
2023-02-27T20:31:57Z,2023-02-27T21:01:00Z,29.0,80.49,-168.958,80.309,-172.58,57.1,70.2
2023-02-27T20:32:59Z,2023-02-27T21:01:00Z,28.0,77.812,176.076,80.309,-172.58,359.8,365.8
2023-02-27T21:20:00Z,2023-02-27T21:48:00Z,28.0,-80.939,3.044,-79.762,-0.288,139.1,144.9
2023-02-27T21:21:02Z,2023-02-27T21:48:00Z,27.0,-78.414,-13.478,-79.762,-0.288,277.5,314.9
2023-02-27T22:07:57Z,2023-02-27T22:35:00Z,27.0,81.46,177.013,79.031,172.344,249.5,284.1
2023-02-27T22:08:59Z,2023-02-27T22:36:00Z,27.0,79.181,158.232,81.257,153.956,164.1,244.6
2023-02-27T22:56:00Z,2023-02-27T23:23:00Z,27.0,-81.788,-10.057,-80.823,-32.762,334.6,394.0
2023-02-27T22:57:02Z,2023-02-27T23:23:00Z,26.0,-79.727,-30.659,-80.823,-32.762,81.7,128.3
