mats_obs_utc,aim_overpass_utc,time_diff_min,mats_tp_lat_deg,mats_tp_lon_deg,aim_center_lat_deg,aim_center_lon_deg,cross_track_km,distance_tp_to_aim_km
2023-02-09T18:11:01Z,2023-02-09T18:04:00Z,-7.0,81.529,-113.275,78.493,-118.35,293.8,351.6
2023-02-09T18:12:01Z,2023-02-09T18:05:00Z,-7.0,79.877,-134.509,80.894,-135.156,90.9,113.9
2023-02-09T19:00:02Z,2023-02-09T18:52:00Z,-8.0,-80.296,37.256,-80.288,38.707,15.0,27.3
2023-02-09T19:48:01Z,2023-02-09T19:39:00Z,-9.0,80.857,-148.942,79.584,-148.019,96.0,142.7
2023-02-09T19:49:01Z,2023-02-09T19:40:00Z,-9.0,78.676,-166.482,81.586,-168.148,287.4,325.4
2023-02-09T20:36:01Z,2023-02-09T20:26:00Z,-10.0,-81.187,24.081,-78.837,24.475,179.1,261.7
2023-02-09T20:37:03Z,2023-02-09T20:27:00Z,-10.1,-79.176,4.519,-81.121,6.773,212.4,220.7
2023-02-09T21:23:59Z,2023-02-09T21:14:00Z,-10.0,81.571,-160.474,80.543,-178.966,300.4,338.1
2023-02-09T21:24:59Z,2023-02-09T21:14:00Z,-11.0,79.968,177.96,80.543,-178.966,85.1,86.3
2023-02-09T22:11:58Z,2023-02-09T22:01:00Z,-11.0,-81.724,13.445,-79.889,-5.539,385.3,391.9
2023-02-09T22:13:00Z,2023-02-09T22:01:00Z,-12.0,-80.387,-10.149,-79.889,-5.539,8.5,103.9
2023-02-09T23:00:59Z,2023-02-09T22:48:00Z,-13.0,80.93,163.731,79.143,167.354,101.2,210.7
2023-02-09T23:01:59Z,2023-02-09T22:49:00Z,-13.0,78.792,145.886,81.325,148.646,278.9,286.9
2023-02-09T23:48:57Z,2023-02-09T23:36:00Z,-13.0,-81.279,-22.647,-80.797,-36.877,195.5,251.9
2023-02-09T23:49:59Z,2023-02-09T23:36:00Z,-14.0,-79.34,-42.704,-80.797,-36.877,195.8,196.8
2023-02-10T00:36:57Z,2023-02-10T00:23:00Z,-14.0,81.603,152.051,80.163,136.956,299.6,309.4
2023-02-10T00:37:57Z,2023-02-10T00:23:00Z,-15.0,80.039,130.267,80.163,136.956,82.8,128.7
2023-02-10T01:25:02Z,2023-02-10T01:10:00Z,-15.0,-81.686,-36.469,-79.467,-50.026,347.2,347.8
2023-02-10T01:25:58Z,2023-02-10T01:10:00Z,-16.0,-80.465,-57.632,-79.467,-50.026,3.9,184.4
2023-02-10T01:27:00Z,2023-02-10T01:11:00Z,-16.0,-78.048,-73.988,-81.514,-69.679,390.8,394.8
2023-02-10T02:14:01Z,2023-02-10T01:58:00Z,-16.0,80.88,114.806,81.026,105.164,80.9,169.4
2023-02-10T02:15:01Z,2023-02-10T01:58:00Z,-17.0,78.71,97.174,81.026,105.164,299.4,301.0
2023-02-10T03:02:01Z,2023-02-10T02:45:00Z,-17.0,-81.199,-72.266,-80.442,-80.807,160.9,173.3
2023-02-10T03:02:57Z,2023-02-10T02:45:00Z,-18.0,-79.439,-90.283,-80.442,-80.807,188.8,215.0
2023-02-10T03:50:01Z,2023-02-10T03:32:00Z,-18.0,81.543,102.259,79.759,92.617,263.1,263.6
2023-02-10T03:51:01Z,2023-02-10T03:32:00Z,-19.0,79.905,80.921,79.759,92.617,115.9,230.0
2023-02-10T04:37:58Z,2023-02-10T04:19:00Z,-19.0,-81.726,-82.962,-79.027,-94.749,359.6,370.5
2023-02-10T04:39:00Z,2023-02-10T04:20:00Z,-19.0,-80.395,-106.563,-81.245,-113.017,25.1,148.5
2023-02-10T05:26:59Z,2023-02-10T05:07:00Z,-20.0,80.944,67.44,80.694,61.407,85.1,110.7
2023-02-10T05:27:59Z,2023-02-10T05:07:00Z,-21.0,78.815,49.524,80.694,61.407,291.6,313.7
2023-02-11T18:27:01Z,2023-02-11T18:57:00Z,30.0,79.974,-137.49,80.793,-146.974,31.4,198.2
2023-02-11T18:28:01Z,2023-02-11T18:57:00Z,29.0,77.442,-151.903,80.793,-146.974,375.7,386.9
2023-02-11T19:15:02Z,2023-02-11T19:44:00Z,29.0,-80.413,34.595,-80.187,26.635,116.7,151.3
2023-02-11T19:15:57Z,2023-02-11T19:44:00Z,28.0,-78.251,19.734,-80.187,26.635,258.7,258.7
2023-02-11T20:02:59Z,2023-02-11T20:31:00Z,28.0,80.978,-151.087,79.477,-160.221,239.7,239.7
2023-02-11T20:03:59Z,2023-02-11T20:31:00Z,27.0,78.872,-169.159,79.477,-160.221,166.8,198.4
2023-02-11T20:50:59Z,2023-02-11T21:18:00Z,27.0,-81.298,22.217,-78.741,12.092,330.4,344.2
2023-02-11T20:52:01Z,2023-02-11T21:18:00Z,26.0,-79.377,2.023,-78.741,12.092,85.7,223.9
2023-02-11T21:39:59Z,2023-02-11T22:06:00Z,26.0,80.04,174.798,80.471,168.806,31.0,122.6
2023-02-11T21:40:59Z,2023-02-11T22:06:00Z,25.0,77.527,160.182,80.471,168.806,374.5,374.6
2023-02-11T22:27:58Z,2023-02-11T22:53:00Z,25.0,-80.54,-12.384,-79.825,-17.964,130.1,132.4
2023-02-11T22:29:00Z,2023-02-11T22:53:00Z,24.0,-78.156,-29.009,-79.825,-17.964,284.7,298.6
2023-02-11T23:15:57Z,2023-02-11T23:40:00Z,24.0,81.033,161.384,79.078,154.842,239.7,251.0
2023-02-11T23:16:57Z,2023-02-11T23:40:00Z,23.0,78.956,143.07,79.078,154.842,165.1,249.6
2023-02-12T00:03:56Z,2023-02-12T00:27:00Z,23.1,-81.348,-25.145,-78.319,-33.156,331.9,371.3
2023-02-12T00:04:58Z,2023-02-12T00:28:00Z,23.0,-79.468,-45.647,-80.764,-49.415,79.6,161.2
2023-02-12T00:53:01Z,2023-02-12T01:15:00Z,22.0,79.976,125.964,80.128,124.358,5.8,35.2
2023-02-12T01:41:02Z,2023-02-12T02:02:00Z,21.0,-80.417,-61.929,-79.448,-62.78,90.7,109.0
2023-02-12T01:41:58Z,2023-02-12T02:02:00Z,20.0,-78.254,-76.794,-79.448,-62.78,281.0,328.6
2023-02-12T02:28:59Z,2023-02-12T02:49:00Z,20.0,80.989,112.436,78.667,109.721,213.9,263.9
2023-02-12T02:29:59Z,2023-02-12T02:50:00Z,20.0,78.88,94.355,81.015,92.428,186.2,240.6
2023-02-12T03:16:59Z,2023-02-12T03:37:00Z,20.0,-81.307,-74.155,-80.445,-93.707,308.4,356.3
2023-02-12T03:18:01Z,2023-02-12T03:37:00Z,19.0,-79.388,-94.411,-80.445,-93.707,104.7,118.5
2023-02-12T04:05:59Z,2023-02-12T04:24:00Z,18.0,80.052,78.374,79.766,79.702,8.2,41.1
2023-02-12T04:53:58Z,2023-02-12T05:11:00Z,17.0,-80.545,-108.797,-79.055,-107.77,105.9,167.1
2023-02-12T04:55:00Z,2023-02-12T05:12:00Z,17.0,-78.164,-125.463,-81.264,-126.125,302.4,345.4
2023-02-12T05:41:57Z,2023-02-12T05:59:00Z,17.0,81.034,64.949,80.718,48.302,217.3,294.9
2023-02-12T05:42:57Z,2023-02-12T05:59:00Z,16.0,78.961,46.601,80.718,48.302,184.1,198.4
2023-02-12T06:30:03Z,2023-02-12T06:46:00Z,15.9,-81.22,-123.917,-80.106,-138.213,268.5,285.4
2023-02-12T06:30:58Z,2023-02-12T06:46:00Z,15.0,-79.476,-142.052,-80.106,-138.213,101.2,103.2
2023-02-12T07:18:01Z,2023-02-12T07:33:00Z,15.0,81.572,51.124,79.388,34.85,383.6,383.6
2023-02-12T07:19:01Z,2023-02-12T07:33:00Z,14.0,79.979,29.544,79.388,34.85,17.1,124.5
2023-02-12T08:07:01Z,2023-02-12T08:21:00Z,14.0,-80.435,-158.21,-80.996,-170.097,73.0,222.0
2023-02-12T08:07:57Z,2023-02-12T08:21:00Z,13.0,-78.283,-173.135,-80.996,-170.097,295.0,308.0
2023-02-12T08:55:01Z,2023-02-12T09:08:00Z,13.0,80.932,15.264,80.399,3.956,178.1,212.2
2023-02-12T08:56:01Z,2023-02-12T09:08:00Z,12.0,78.797,-2.603,80.399,3.956,220.8,221.5
2023-02-12T09:42:58Z,2023-02-12T09:55:00Z,12.0,-81.313,-170.538,-79.749,177.075,283.2,285.0
2023-02-12T09:44:00Z,2023-02-12T09:55:00Z,11.0,-79.401,169.166,-79.749,177.075,125.3,163.8
2023-02-12T10:30:58Z,2023-02-12T10:42:00Z,11.0,81.625,4.243,78.994,-10.18,391.7,396.3
2023-02-12T10:31:59Z,2023-02-12T10:42:00Z,10.0,80.065,-18.023,78.994,-10.18,13.2,198.2
2023-02-12T11:19:57Z,2023-02-12T11:30:00Z,10.0,-80.565,154.87,-80.703,145.71,87.8,166.5
2023-02-12T11:20:59Z,2023-02-12T11:30:00Z,9.0,-78.191,138.14,-80.703,145.71,318.9,318.9
2023-02-12T12:07:57Z,2023-02-12T12:17:00Z,9.0,81.044,-31.462,80.059,-40.594,193.2,199.4
2023-02-12T12:08:57Z,2023-02-12T12:17:00Z,8.0,78.978,-49.825,80.059,-40.594,203.0,221.9
2023-02-12T12:56:03Z,2023-02-12T13:04:00Z,7.9,-81.225,139.655,-79.377,132.177,243.4,248.6
2023-02-12T12:56:58Z,2023-02-12T13:04:00Z,7.0,-79.489,121.491,-79.377,132.177,121.7,218.2
2023-02-12T13:44:01Z,2023-02-12T13:51:00Z,7.0,81.579,-45.28,78.59,-55.381,357.6,383.7
2023-02-12T13:45:01Z,2023-02-12T13:52:00Z,7.0,79.99,-66.883,80.962,-72.459,35.4,149.0
2023-02-12T14:33:02Z,2023-02-12T14:39:00Z,6.0,-80.429,105.212,-80.388,101.308,47.5,72.5
2023-02-12T14:33:58Z,2023-02-12T14:39:00Z,5.0,-78.272,90.296,-80.388,101.308,316.4,326.1
2023-02-12T15:21:01Z,2023-02-12T15:26:00Z,5.0,80.944,-81.078,79.702,-85.349,155.8,159.5
2023-02-12T15:22:01Z,2023-02-12T15:26:00Z,4.0,78.817,-99.022,79.702,-85.349,238.4,299.4
2023-02-12T16:08:59Z,2023-02-12T16:13:00Z,4.0,-81.312,92.976,-78.991,87.102,256.8,281.2
2023-02-12T16:10:01Z,2023-02-12T16:14:00Z,4.0,-79.406,72.713,-81.223,68.94,143.2,214.1
2023-02-12T16:57:59Z,2023-02-12T17:01:00Z,3.0,80.056,-114.561,80.669,-116.699,34.3,79.0
2023-02-15T00:27:01Z,2023-02-15T00:57:00Z,30.0,-80.4,-43.62,-77.63,-37.609,113.4,333.3
2023-02-15T00:27:56Z,2023-02-15T00:58:00Z,30.1,-78.233,-58.436,-80.252,-52.165,259.1,259.5
2023-02-15T01:15:00Z,2023-02-15T01:45:00Z,30.0,80.884,129.607,79.551,121.026,219.3,219.5
2023-02-15T01:16:00Z,2023-02-15T01:45:00Z,29.0,78.723,111.964,79.551,121.026,187.6,211.0
2023-02-15T02:02:58Z,2023-02-15T02:32:00Z,29.0,-81.289,-56.026,-78.852,-66.768,330.6,339.6
2023-02-15T02:04:00Z,2023-02-15T02:32:00Z,28.0,-79.357,-76.169,-78.852,-66.768,86.2,205.4
2023-02-15T02:51:58Z,2023-02-15T03:20:00Z,28.0,79.985,96.314,80.563,89.701,24.0,139.9
2023-02-15T02:52:58Z,2023-02-15T03:20:00Z,27.0,77.458,81.869,80.563,89.701,381.7,382.8
2023-02-15T03:39:58Z,2023-02-15T04:07:00Z,27.0,-80.47,-91.14,-79.956,-97.171,118.6,127.6
2023-02-15T03:41:00Z,2023-02-15T04:07:00Z,26.0,-78.055,-107.515,-79.956,-97.171,296.9,304.2
2023-02-15T04:28:02Z,2023-02-15T04:54:00Z,26.0,80.818,80.579,79.224,75.736,190.7,200.4
2023-02-15T04:29:02Z,2023-02-15T04:54:00Z,25.0,78.624,63.199,79.224,75.736,214.4,275.7
2023-02-15T05:16:01Z,2023-02-15T05:41:00Z,25.0,-81.2,-105.816,-78.504,-112.303,289.7,325.5
2023-02-15T05:16:57Z,2023-02-15T05:42:00Z,25.0,-79.44,-123.842,-80.896,-129.065,80.9,189.9
2023-02-15T06:05:00Z,2023-02-15T06:29:00Z,24.0,79.903,47.421,80.284,44.841,3.6,65.1
2023-02-15T06:53:00Z,2023-02-15T07:16:00Z,23.0,-80.391,-140.182,-79.648,-142.323,89.1,92.4
2023-02-15T06:54:02Z,2023-02-15T07:16:00Z,22.0,-77.943,-156.276,-79.648,-142.323,324.3,355.2
2023-02-15T07:41:00Z,2023-02-15T08:03:00Z,22.0,80.869,32.978,78.888,30.316,189.8,226.6
2023-02-15T07:42:00Z,2023-02-15T08:04:00Z,22.0,78.705,15.405,81.163,12.378,210.1,279.7
2023-02-15T08:28:57Z,2023-02-15T08:50:00Z,21.0,-81.28,-152.653,-78.149,-157.953,300.5,363.7
2023-02-15T08:29:59Z,2023-02-15T08:51:00Z,21.0,-79.342,-172.75,-80.642,-173.772,109.4,146.0
2023-02-15T09:17:58Z,2023-02-15T09:38:00Z,20.0,79.969,-0.296,79.992,-0.173,3.5,3.5
2023-02-15T10:05:58Z,2023-02-15T10:25:00Z,19.0,-80.457,172.215,-79.33,172.385,90.1,125.5
2023-02-15T10:07:00Z,2023-02-15T10:26:00Z,19.0,-78.036,155.885,-81.434,153.172,318.7,382.0
2023-02-15T10:54:02Z,2023-02-15T11:12:00Z,18.0,80.814,-16.017,78.543,-15.227,163.0,253.2
2023-02-15T10:55:02Z,2023-02-15T11:13:00Z,18.0,78.616,-33.361,80.93,-32.176,235.3,258.7
2023-02-15T11:42:01Z,2023-02-15T12:00:00Z,18.0,-81.188,157.438,-80.373,141.364,261.8,299.5
2023-02-15T11:42:57Z,2023-02-15T12:00:00Z,17.0,-79.417,139.469,-80.373,141.364,108.6,112.7
2023-02-15T12:30:00Z,2023-02-15T12:47:00Z,17.0,81.533,-27.956,79.689,-45.331,370.4,374.2
2023-02-15T12:31:00Z,2023-02-15T12:47:00Z,16.0,79.889,-49.219,79.689,-45.331,30.5,79.9
2023-02-15T13:19:00Z,2023-02-15T13:34:00Z,15.0,-80.378,123.165,-79.003,126.967,61.3,170.7
2023-02-15T13:20:02Z,2023-02-15T13:35:00Z,15.0,-77.927,107.122,-81.231,108.766,345.0,369.2
2023-02-15T14:07:00Z,2023-02-15T14:22:00Z,15.0,80.874,-63.487,80.682,-76.889,167.9,239.5
2023-02-15T14:08:00Z,2023-02-15T14:22:00Z,14.0,78.71,-81.097,80.682,-76.889,231.4,234.8
2023-02-15T14:54:58Z,2023-02-15T15:09:00Z,14.0,-81.279,110.781,-80.092,96.351,275.8,290.6
2023-02-15T14:56:00Z,2023-02-15T15:09:00Z,13.0,-79.336,90.695,-80.092,96.351,133.3,140.4
2023-02-15T15:42:58Z,2023-02-15T15:56:00Z,13.0,81.563,-75.359,79.376,-90.625,370.0,370.1
2023-02-15T15:43:58Z,2023-02-15T15:56:00Z,12.0,79.964,-96.851,79.376,-90.625,28.3,140.4
2023-02-15T16:31:58Z,2023-02-15T16:44:00Z,12.0,-80.456,75.728,-81.01,64.205,68.5,215.1
2023-02-15T16:33:00Z,2023-02-15T16:44:00Z,11.0,-78.034,59.396,-81.01,64.205,339.0,345.0
2023-02-15T18:08:00Z,2023-02-15T18:18:00Z,10.0,-81.21,61.352,-79.8,51.196,242.2,243.2
2023-02-15T18:09:02Z,2023-02-15T18:18:00Z,9.0,-79.211,41.644,-79.8,51.196,164.6,204.2
2023-02-15T18:55:58Z,2023-02-15T19:05:00Z,9.0,81.564,-123.559,79.055,-136.047,356.9,362.8
2023-02-15T18:56:58Z,2023-02-15T19:05:00Z,8.0,79.965,-145.073,79.055,-136.047,39.3,208.8
2023-02-15T19:44:58Z,2023-02-15T19:53:00Z,8.0,-80.44,27.294,-80.772,19.49,52.9,146.4
2023-02-15T19:46:00Z,2023-02-15T19:53:00Z,7.0,-78.009,11.044,-80.772,19.49,352.0,352.1
2023-02-15T20:33:02Z,2023-02-15T20:40:00Z,7.0,80.797,-160.946,80.145,-166.788,124.8,129.7
2023-02-15T20:34:02Z,2023-02-15T20:40:00Z,6.0,78.594,-178.218,80.145,-166.788,269.4,290.6
2023-02-15T21:21:01Z,2023-02-15T21:27:00Z,6.0,-81.184,12.654,-79.502,5.876,221.6,225.7
2023-02-15T21:21:57Z,2023-02-15T21:27:00Z,5.0,-79.411,-5.307,-79.502,5.876,142.4,227.7
2023-02-15T22:09:02Z,2023-02-15T22:14:00Z,5.0,81.492,-173.642,78.73,178.392,314.2,342.3
2023-02-15T22:10:02Z,2023-02-15T22:15:00Z,5.0,79.807,165.397,81.058,160.913,76.3,162.0
2023-02-15T22:58:01Z,2023-02-15T23:02:00Z,4.0,-80.364,-21.752,-80.525,-25.425,25.4,70.2
2023-02-15T22:59:03Z,2023-02-15T23:02:00Z,2.9,-77.903,-37.739,-80.525,-25.425,376.8,387.1
2023-02-15T23:45:59Z,2023-02-15T23:49:00Z,3.0,80.884,151.855,79.861,148.037,132.4,134.2
2023-02-15T23:47:00Z,2023-02-15T23:49:00Z,2.0,78.681,133.981,79.861,148.037,265.9,318.5
2023-02-16T00:33:59Z,2023-02-16T00:36:00Z,2.0,-81.23,-34.869,-79.195,-39.556,221.5,243.2
2023-02-16T00:35:01Z,2023-02-16T00:37:00Z,2.0,-79.243,-54.687,-81.351,-58.344,177.9,244.4
2023-02-16T01:21:58Z,2023-02-16T01:23:00Z,1.0,81.557,139.613,78.399,132.727,325.1,375.4
2023-02-16T01:22:58Z,2023-02-16T01:24:00Z,1.0,79.941,118.186,80.829,116.171,63.5,105.8
2023-02-16T02:10:58Z,2023-02-16T02:11:00Z,0.0,-80.433,-69.317,-80.264,-70.458,27.8,28.4
2023-02-16T02:59:02Z,2023-02-16T02:58:00Z,-1.0,80.785,102.379,79.568,102.728,97.7,135.6
2023-02-16T03:00:02Z,2023-02-16T02:59:00Z,-1.0,78.573,85.16,81.578,82.645,289.1,337.8
2023-02-16T03:47:01Z,2023-02-16T03:45:00Z,-2.0,-81.173,-84.031,-78.881,-85.106,193.2,256.1
2023-02-16T03:47:57Z,2023-02-16T03:46:00Z,-2.0,-79.395,-101.93,-81.151,-102.942,163.1,196.4
2023-02-16T04:35:02Z,2023-02-16T04:33:00Z,-2.0,81.484,89.646,80.587,71.28,287.7,332.2
2023-02-16T04:36:02Z,2023-02-16T04:33:00Z,-3.0,79.786,68.738,80.587,71.28,101.1,101.4
2023-02-16T05:24:00Z,2023-02-16T05:20:00Z,-4.0,-80.353,-118.328,-79.992,-115.629,1.1,65.1
2023-02-16T18:15:02Z,2023-02-16T17:56:00Z,-19.0,-81.661,69.955,-78.826,62.461,313.0,345.2
2023-02-16T18:15:58Z,2023-02-16T17:57:00Z,-19.0,-80.385,48.988,-81.115,44.785,32.1,110.6
2023-02-16T19:04:01Z,2023-02-16T18:44:00Z,-20.0,80.753,-139.223,80.546,-141.059,37.9,40.4
2023-02-16T19:04:57Z,2023-02-16T18:44:00Z,-21.0,78.707,-155.347,80.546,-141.059,310.7,350.6
2023-02-16T19:51:58Z,2023-02-16T19:31:00Z,-21.0,-81.217,35.428,-79.951,31.955,148.2,154.4
2023-02-16T19:53:00Z,2023-02-16T19:32:00Z,-21.0,-79.221,15.696,-81.775,10.664,233.8,298.6
2023-02-16T20:40:01Z,2023-02-16T20:18:00Z,-22.0,81.466,-151.998,79.224,-155.172,218.7,256.4
2023-02-16T20:40:57Z,2023-02-16T20:19:00Z,-22.0,79.904,-171.587,81.376,-174.142,126.8,170.2
2023-02-16T21:27:58Z,2023-02-16T21:05:00Z,-23.0,-81.712,23.578,-78.52,16.714,327.6,378.1
2023-02-16T21:29:00Z,2023-02-16T21:06:00Z,-23.0,-80.329,0.162,-80.907,-0.095,53.0,64.5
2023-02-16T22:17:03Z,2023-02-16T21:53:00Z,-24.1,80.698,171.875,80.302,173.787,15.8,56.3
2023-02-16T22:17:58Z,2023-02-16T21:54:00Z,-24.0,78.631,155.973,81.938,151.15,327.4,378.8
2023-02-16T23:04:59Z,2023-02-16T22:40:00Z,-25.0,-81.177,-13.527,-79.682,-13.452,125.7,166.5
2023-02-16T23:06:01Z,2023-02-16T22:41:00Z,-25.0,-79.151,-33.028,-81.635,-33.823,252.7,277.0
2023-02-16T23:53:02Z,2023-02-16T23:27:00Z,-26.0,81.434,158.984,78.93,159.186,195.2,278.8
2023-02-16T23:53:58Z,2023-02-16T23:28:00Z,-26.0,79.839,139.623,81.19,141.117,146.8,152.8
2023-02-17T00:40:59Z,2023-02-17T00:15:00Z,-26.0,-81.693,-25.501,-80.687,-45.107,306.0,350.5
2023-02-17T00:42:01Z,2023-02-17T00:15:00Z,-27.0,-80.268,-48.696,-80.687,-45.107,74.0,80.9
2023-02-17T01:29:02Z,2023-02-17T01:02:00Z,-27.0,81.803,147.637,80.049,128.507,376.6,385.8
2023-02-17T01:29:58Z,2023-02-17T01:02:00Z,-28.0,80.826,125.109,80.049,128.507,32.3,106.8
2023-02-17T01:31:00Z,2023-02-17T01:03:00Z,-28.0,78.547,107.262,81.826,106.773,346.2,365.2
2023-02-17T02:18:01Z,2023-02-17T01:49:00Z,-29.0,-81.131,-62.511,-79.406,-58.972,102.7,203.1
2023-02-17T02:18:57Z,2023-02-17T01:50:00Z,-29.0,-79.321,-80.187,-81.479,-78.434,234.4,242.4
2023-02-17T03:05:58Z,2023-02-17T02:37:00Z,-29.0,81.509,112.466,80.991,96.243,212.5,279.7
2023-02-17T03:07:00Z,2023-02-17T02:37:00Z,-30.0,79.765,90.819,80.991,96.243,167.3,169.6
2023-02-17T03:54:01Z,2023-02-17T03:24:00Z,-30.0,-81.669,-74.571,-80.456,-90.248,281.3,301.6
2023-02-17T03:54:56Z,2023-02-17T03:25:00Z,-29.9,-80.405,-95.583,-81.995,-113.34,55.1,348.3
2023-02-18T06:27:58Z,2023-02-18T06:58:00Z,30.0,78.455,32.572,78.76,47.384,228.4,326.6
2023-02-18T07:14:58Z,2023-02-18T07:45:00Z,30.0,-81.116,-136.987,-78.045,-141.085,279.3,351.4
2023-02-18T07:16:00Z,2023-02-18T07:46:00Z,30.0,-79.042,-156.182,-80.565,-156.645,135.3,169.8
2023-02-18T08:03:02Z,2023-02-18T08:33:00Z,30.0,81.352,34.897,79.91,16.839,348.2,362.5
2023-02-18T08:04:02Z,2023-02-18T08:33:00Z,29.0,79.527,14.85,79.91,16.839,57.9,58.1
2023-02-18T08:51:57Z,2023-02-18T09:20:00Z,28.0,-80.272,-171.135,-79.267,-170.825,77.8,112.1
2023-02-18T08:52:59Z,2023-02-18T09:20:00Z,27.0,-77.773,173.182,-79.267,-170.825,338.1,389.7
2023-02-18T09:40:00Z,2023-02-18T10:07:00Z,27.0,80.636,0.413,78.481,1.494,149.3,240.9
2023-02-18T09:41:00Z,2023-02-18T10:08:00Z,27.0,78.355,-16.207,80.886,-15.287,252.6,282.4
2023-02-18T10:28:00Z,2023-02-18T10:55:00Z,27.0,-81.044,173.649,-80.346,158.016,248.9,290.9
2023-02-18T10:29:02Z,2023-02-18T10:55:00Z,26.0,-78.922,154.827,-80.346,158.016,167.0,170.9
2023-02-18T11:16:00Z,2023-02-18T11:42:00Z,26.0,81.39,-12.678,79.663,-28.735,345.9,349.7
2023-02-18T11:17:00Z,2023-02-18T11:42:00Z,25.0,79.594,-32.945,79.663,-28.735,58.6,84.7
2023-02-18T12:04:59Z,2023-02-18T12:29:00Z,24.0,-80.175,139.691,-79.002,143.4,45.4,150.3
2023-02-18T12:06:01Z,2023-02-18T12:30:00Z,24.0,-77.643,124.343,-81.23,125.2,365.4,399.6
2023-02-18T12:52:58Z,2023-02-18T13:17:00Z,24.0,80.685,-47.293,80.684,-60.491,150.3,237.3
2023-02-18T12:53:58Z,2023-02-18T13:17:00Z,23.0,78.427,-64.1,80.684,-60.491,252.8,261.5
2023-02-18T13:40:58Z,2023-02-18T14:04:00Z,23.0,-81.087,126.029,-80.118,112.578,246.8,266.4
2023-02-18T13:42:00Z,2023-02-18T14:04:00Z,22.0,-78.993,107.001,-80.118,112.578,167.0,168.3
2023-02-18T14:29:02Z,2023-02-18T14:51:00Z,22.0,81.336,-61.939,79.41,-74.399,314.7,314.7
2023-02-18T14:30:02Z,2023-02-18T14:51:00Z,21.0,79.494,-81.885,79.41,-74.399,87.6,152.7
2023-02-18T15:17:57Z,2023-02-18T15:38:00Z,20.0,-80.237,92.04,-78.732,97.546,45.6,201.2
2023-02-18T15:18:59Z,2023-02-18T15:39:00Z,20.0,-77.726,76.479,-81.052,80.139,363.5,377.6
2023-02-18T16:06:00Z,2023-02-18T16:26:00Z,20.0,80.613,-96.308,80.473,-105.798,122.0,174.1
2023-02-18T16:07:00Z,2023-02-18T16:26:00Z,19.0,78.323,-112.845,80.473,-105.798,279.0,279.0
2023-02-18T16:54:00Z,2023-02-18T17:13:00Z,19.0,-81.018,76.835,-79.883,67.046,216.0,220.1
2023-02-18T16:55:02Z,2023-02-18T17:13:00Z,18.0,-78.885,58.144,-79.883,67.046,195.1,213.4
2023-02-18T18:30:57Z,2023-02-18T18:48:00Z,17.0,-80.214,43.6,-80.863,34.976,32.1,173.4
2023-02-18T18:31:59Z,2023-02-18T18:48:00Z,16.0,-77.698,28.11,-80.863,34.976,377.5,379.4
2023-02-18T19:19:00Z,2023-02-18T19:35:00Z,16.0,80.588,-144.827,80.253,-151.203,104.0,123.8
2023-02-18T19:20:00Z,2023-02-18T19:35:00Z,15.0,78.288,-161.275,80.253,-151.203,294.8,301.6
2023-02-18T20:07:00Z,2023-02-18T20:22:00Z,15.0,-81.004,28.369,-79.642,21.423,199.1,199.5
2023-02-18T20:08:02Z,2023-02-18T20:22:00Z,14.0,-78.859,9.742,-79.642,21.423,210.1,257.2
2023-02-18T20:54:58Z,2023-02-18T21:09:00Z,14.0,81.398,-157.211,78.887,-165.975,308.0,324.8
2023-02-18T20:55:58Z,2023-02-18T21:10:00Z,14.0,79.611,-177.549,81.162,176.081,87.5,209.1
2023-02-18T21:43:59Z,2023-02-18T21:57:00Z,13.0,-80.121,-5.51,-80.665,-10.287,1.9,107.4
2023-02-18T22:31:58Z,2023-02-18T22:44:00Z,12.0,80.634,167.421,80.025,163.298,101.5,102.6
2023-02-18T22:32:58Z,2023-02-18T22:44:00Z,11.0,78.353,150.794,80.025,163.298,295.1,319.6
2023-02-18T23:20:02Z,2023-02-18T23:31:00Z,11.0,-80.949,-20.708,-79.396,-24.299,171.6,185.7
2023-02-18T23:20:58Z,2023-02-18T23:31:00Z,10.0,-79.024,-37.561,-79.396,-24.299,194.6,278.8
2023-02-19T00:08:02Z,2023-02-19T00:18:00Z,10.0,81.302,152.659,78.619,148.122,263.3,311.1
2023-02-19T00:09:02Z,2023-02-19T00:19:00Z,10.0,79.429,132.909,80.982,130.954,129.7,176.8
2023-02-19T00:56:57Z,2023-02-19T01:06:00Z,9.0,-80.192,-53.145,-80.46,-55.668,3.6,55.8
2023-02-19T01:45:00Z,2023-02-19T01:53:00Z,8.0,80.557,118.289,79.79,117.706,72.4,86.1
2023-02-19T01:46:00Z,2023-02-19T01:53:00Z,7.0,78.241,101.977,79.79,117.706,321.5,374.0
2023-02-19T02:33:00Z,2023-02-19T02:40:00Z,7.0,-80.979,-68.535,-79.144,-70.09,166.6,206.4
2023-02-19T02:34:02Z,2023-02-19T02:41:00Z,7.0,-78.818,-87.017,-81.32,-88.725,234.7,280.4
2023-02-19T03:20:58Z,2023-02-19T03:27:00Z,6.0,81.377,105.846,78.348,102.145,274.1,344.7
2023-02-19T03:21:58Z,2023-02-19T03:28:00Z,6.0,79.57,85.651,80.793,85.722,116.6,136.1
2023-02-19T04:09:59Z,2023-02-19T04:15:00Z,5.0,-80.088,-102.289,-80.245,-101.126,27.2,28.2
2023-02-19T04:58:02Z,2023-02-19T05:02:00Z,4.0,80.48,69.281,79.55,72.026,45.2,116.3
2023-02-19T04:59:02Z,2023-02-19T05:03:00Z,4.0,78.133,53.228,81.567,51.998,344.0,383.0
2023-02-19T05:45:56Z,2023-02-19T05:49:00Z,3.1,-81.067,-115.475,-78.888,-115.957,177.2,242.7
2023-02-19T05:46:58Z,2023-02-19T05:50:00Z,3.0,-78.96,-134.42,-81.155,-133.816,222.3,244.7
2023-02-19T06:34:02Z,2023-02-19T06:37:00Z,3.0,81.277,55.756,80.595,40.393,233.5,279.0
2023-02-19T06:35:02Z,2023-02-19T06:37:00Z,2.0,79.385,36.145,80.595,40.393,157.6,157.6
2023-02-19T07:22:01Z,2023-02-19T07:24:00Z,2.0,-81.566,-129.797,-80.024,-146.674,334.2,344.3
2023-02-19T07:22:57Z,2023-02-19T07:24:00Z,1.0,-80.147,-150.0,-80.024,-146.674,27.0,65.2
2023-02-19T08:11:00Z,2023-02-19T08:11:00Z,-0.0,80.53,21.549,79.305,26.264,44.0,164.4
2023-02-19T08:12:00Z,2023-02-19T08:12:00Z,-0.0,78.204,5.321,81.424,7.035,342.6,360.0
2023-02-19T08:59:00Z,2023-02-19T08:59:00Z,-0.0,-80.957,-165.306,-80.98,-179.004,140.0,238.8
2023-02-19T09:00:02Z,2023-02-19T08:59:00Z,-1.0,-78.783,176.304,-80.98,-179.004,259.2,261.1
2023-02-19T09:46:58Z,2023-02-19T09:46:00Z,-1.0,81.348,8.806,80.388,-5.03,242.5,266.0
2023-02-19T09:47:58Z,2023-02-19T09:46:00Z,-2.0,79.514,-11.241,80.388,-5.03,146.6,154.8
2023-02-19T10:34:57Z,2023-02-19T10:33:00Z,-2.0,-81.618,-176.622,-79.796,167.691,343.1,345.6
2023-02-19T10:35:59Z,2023-02-19T10:33:00Z,-3.0,-80.054,160.896,-79.796,167.691,55.5,135.3
2023-02-19T11:24:02Z,2023-02-19T11:21:00Z,-3.0,80.449,-27.581,81.27,-38.023,18.5,205.6
2023-02-19T11:25:02Z,2023-02-19T11:21:00Z,-4.0,78.089,-43.498,81.27,-38.023,367.8,370.1
2023-02-19T12:12:02Z,2023-02-19T12:08:00Z,-4.0,-80.887,145.458,-80.796,135.713,110.7,172.8
2023-02-19T12:12:58Z,2023-02-19T12:08:00Z,-5.0,-78.928,128.861,-80.796,135.713,246.4,247.2
2023-02-19T13:00:02Z,2023-02-19T12:55:00Z,-5.0,81.258,-41.122,80.174,-50.544,202.3,207.5
2023-02-19T13:01:02Z,2023-02-19T12:55:00Z,-6.0,79.35,-60.612,80.174,-50.544,183.2,218.9
2023-02-19T13:47:59Z,2023-02-19T13:42:00Z,-6.0,-81.58,133.984,-79.562,121.973,312.2,312.6
2023-02-19T13:49:01Z,2023-02-19T13:42:00Z,-7.0,-79.956,111.831,-79.562,121.973,83.5,205.2
2023-02-19T14:37:00Z,2023-02-19T14:30:00Z,-7.0,80.495,-75.327,81.104,-83.162,17.1,154.9
2023-02-19T14:38:00Z,2023-02-19T14:30:00Z,-8.0,78.152,-91.435,81.104,-83.162,366.9,367.2
2023-02-19T15:25:00Z,2023-02-19T15:17:00Z,-8.0,-80.926,97.777,-80.602,90.35,108.8,137.4
2023-02-19T15:26:02Z,2023-02-19T15:17:00Z,-9.0,-78.733,79.53,-80.602,90.35,284.5,299.1
2023-02-19T16:12:58Z,2023-02-19T16:04:00Z,-9.0,81.328,-88.026,79.952,-96.132,211.8,211.8
2023-02-19T16:13:58Z,2023-02-19T16:04:00Z,-10.0,79.481,-107.944,79.952,-96.132,171.1,240.0
2023-02-19T18:38:00Z,2023-02-19T18:26:00Z,-12.0,-80.905,49.267,-80.4,44.889,92.7,97.0
2023-02-19T18:39:02Z,2023-02-19T18:26:00Z,-13.0,-78.698,31.091,-80.4,44.889,298.0,335.7
2023-02-19T19:25:58Z,2023-02-19T19:13:00Z,-13.0,81.313,-136.558,79.725,-141.811,195.0,201.2
2023-02-19T19:26:58Z,2023-02-19T19:14:00Z,-13.0,79.452,-156.391,81.663,-162.426,182.7,269.3
2023-02-19T20:13:57Z,2023-02-19T20:00:00Z,-14.0,-81.588,37.847,-79.077,30.325,291.5,312.3
2023-02-19T20:14:59Z,2023-02-19T20:01:00Z,-14.0,-79.984,15.593,-81.278,11.896,95.7,158.8
2023-02-19T21:03:02Z,2023-02-19T20:48:00Z,-15.0,80.383,-172.94,80.743,-173.734,26.0,42.7
2023-02-19T21:51:03Z,2023-02-19T21:35:00Z,-16.1,-80.832,0.029,-80.192,-0.657,64.4,72.4
2023-02-19T21:51:58Z,2023-02-19T21:35:00Z,-17.0,-78.846,-16.346,-80.192,-0.657,284.2,349.8
2023-02-19T22:39:00Z,2023-02-19T22:22:00Z,-17.0,81.255,174.121,79.492,172.431,165.8,198.7
2023-02-19T22:40:00Z,2023-02-19T22:23:00Z,-17.0,79.346,154.631,81.535,152.594,208.6,246.5
2023-02-19T23:26:59Z,2023-02-19T23:09:00Z,-18.0,-81.556,-11.421,-78.829,-15.61,263.7,313.6
2023-02-19T23:28:01Z,2023-02-19T23:10:00Z,-18.0,-79.899,-33.375,-81.117,-33.298,120.2,135.6
2023-02-20T00:15:00Z,2023-02-19T23:57:00Z,-18.0,81.732,162.259,80.55,140.845,348.3,387.3
2023-02-20T00:16:00Z,2023-02-19T23:57:00Z,-19.0,80.427,139.23,80.55,140.845,27.7,32.7
2023-02-20T01:04:00Z,2023-02-20T00:44:00Z,-20.0,-80.879,-47.635,-79.977,-46.287,63.9,103.4
2023-02-20T01:05:02Z,2023-02-20T00:45:00Z,-20.0,-78.654,-65.662,-81.787,-67.671,318.2,350.7
2023-02-20T01:51:58Z,2023-02-20T01:31:00Z,-21.0,81.292,126.506,79.255,126.598,164.5,226.8
2023-02-20T01:52:58Z,2023-02-20T01:32:00Z,-21.0,79.413,106.815,81.394,107.527,206.6,221.0
2023-02-20T02:39:57Z,2023-02-20T02:19:00Z,-21.0,-81.578,-59.026,-80.948,-78.599,263.8,336.6
2023-02-20T02:40:59Z,2023-02-20T02:19:00Z,-22.0,-79.953,-81.167,-80.948,-78.599,119.8,120.4
2023-02-20T03:28:02Z,2023-02-20T03:06:00Z,-22.0,81.704,112.876,80.35,95.335,318.7,338.0
2023-02-20T03:29:02Z,2023-02-20T03:06:00Z,-23.0,80.338,90.125,80.35,95.335,54.2,97.2
2023-02-20T04:17:02Z,2023-02-20T03:53:00Z,-24.0,-80.804,-96.785,-79.758,-92.014,37.2,146.8
2023-02-20T04:17:58Z,2023-02-20T03:54:00Z,-24.0,-78.806,-113.054,-81.676,-112.645,303.3,319.6
2023-02-20T05:05:00Z,2023-02-20T04:41:00Z,-24.0,81.226,77.127,81.244,62.366,137.7,249.7
2023-02-20T05:06:00Z,2023-02-20T04:41:00Z,-25.0,79.294,57.805,81.244,62.366,232.9,233.2
2023-02-20T05:53:00Z,2023-02-20T05:28:00Z,-25.0,-81.527,-108.565,-80.769,-123.973,232.1,276.1
2023-02-20T05:54:02Z,2023-02-20T05:28:00Z,-26.0,-79.839,-130.327,-80.769,-123.973,148.0,157.7
2023-02-20T06:41:00Z,2023-02-20T06:15:00Z,-26.0,81.715,65.235,80.143,49.74,314.3,321.9
2023-02-20T06:42:00Z,2023-02-20T06:15:00Z,-27.0,80.384,42.341,80.143,49.74,55.0,141.7
2023-02-20T07:29:02Z,2023-02-20T07:02:00Z,-27.0,-81.799,-121.264,-79.533,-137.801,388.5,388.5
2023-02-20T07:29:58Z,2023-02-20T07:02:00Z,-28.0,-80.895,-143.853,-79.533,-137.801,47.3,189.8
2023-02-20T07:31:00Z,2023-02-20T07:03:00Z,-28.0,-78.683,-161.98,-81.552,-157.679,328.0,329.6
2023-02-20T08:17:58Z,2023-02-20T07:50:00Z,-28.0,81.253,29.389,81.083,17.12,134.4,210.1
2023-02-20T08:18:58Z,2023-02-20T07:50:00Z,-29.0,79.343,9.888,81.083,17.12,233.0,236.8
2023-02-20T09:05:57Z,2023-02-20T08:37:00Z,-29.0,-81.557,-156.037,-80.583,-169.433,231.6,254.9
2023-02-20T09:06:59Z,2023-02-20T08:37:00Z,-30.0,-79.909,-178.025,-80.583,-169.433,144.8,178.3
2023-02-20T09:54:02Z,2023-02-20T09:24:00Z,-30.0,81.69,15.818,79.931,4.064,285.2,285.4
2023-02-20T09:55:02Z,2023-02-20T09:25:00Z,-30.0,80.295,-6.784,81.769,-17.26,78.5,244.3
2023-02-21T12:28:00Z,2023-02-21T12:58:00Z,30.0,-78.593,123.174,-78.674,138.012,210.6,324.8
2023-02-21T13:14:57Z,2023-02-21T13:45:00Z,30.0,81.215,-45.6,77.85,-50.076,302.1,385.2
2023-02-21T13:15:57Z,2023-02-21T13:46:00Z,30.0,79.274,-64.855,80.428,-65.23,100.7,128.7
2023-02-21T14:03:59Z,2023-02-21T14:33:00Z,29.0,-79.817,106.96,-79.852,107.438,8.9,10.2
2023-02-21T14:52:01Z,2023-02-21T15:20:00Z,28.0,80.227,-81.667,79.119,-79.79,64.8,128.9
2023-02-21T14:53:01Z,2023-02-21T15:21:00Z,28.0,77.787,-96.848,81.31,-98.439,336.6,393.5
2023-02-21T15:40:02Z,2023-02-21T16:07:00Z,27.0,-80.703,91.203,-78.447,91.852,162.2,251.5
2023-02-21T15:40:57Z,2023-02-21T16:08:00Z,27.0,-78.652,75.314,-80.855,75.242,209.2,245.3
2023-02-21T16:27:59Z,2023-02-21T16:55:00Z,27.0,81.15,-94.879,80.245,-110.966,273.3,305.3
2023-02-21T16:28:59Z,2023-02-21T16:55:00Z,26.0,79.162,-113.786,80.245,-110.966,130.8,132.9
2023-02-21T18:53:01Z,2023-02-21T19:17:00Z,24.0,-80.689,42.817,-80.693,29.625,149.4,237.0
2023-02-21T18:53:57Z,2023-02-21T19:17:00Z,23.0,-78.633,26.979,-80.693,29.625,223.2,235.2
2023-02-21T19:40:59Z,2023-02-21T20:04:00Z,23.0,81.132,-143.392,80.058,-156.769,255.0,270.3
2023-02-21T19:41:59Z,2023-02-21T20:04:00Z,22.0,79.134,-162.218,80.058,-156.769,147.2,150.2
2023-02-21T20:28:58Z,2023-02-21T20:51:00Z,22.0,-81.467,30.908,-79.451,15.554,359.3,359.6
2023-02-21T20:30:00Z,2023-02-21T20:51:00Z,21.0,-79.701,9.601,-79.451,15.554,53.9,123.0
2023-02-21T21:17:57Z,2023-02-21T21:38:00Z,20.0,80.314,-177.354,78.682,-172.005,57.1,211.4
2023-02-21T21:18:57Z,2023-02-21T21:39:00Z,20.0,77.905,167.19,81.025,170.644,340.3,354.2
2023-02-21T22:05:58Z,2023-02-21T22:26:00Z,20.0,-80.784,-4.342,-80.524,-16.056,157.9,213.3
2023-02-21T22:07:00Z,2023-02-21T22:26:00Z,19.0,-78.507,-21.963,-80.524,-16.056,253.8,254.2
2023-02-21T22:54:01Z,2023-02-21T23:13:00Z,19.0,81.075,167.47,79.867,157.36,225.9,229.3
2023-02-21T22:55:01Z,2023-02-21T23:13:00Z,18.0,79.04,148.914,79.867,157.36,174.0,194.9
2023-02-21T23:42:01Z,2023-02-22T00:00:00Z,18.0,-81.419,-18.482,-79.245,-30.478,326.8,328.7
2023-02-21T23:42:57Z,2023-02-22T00:00:00Z,17.0,-79.83,-37.701,-79.245,-30.478,43.0,159.7
2023-02-22T00:31:01Z,2023-02-22T00:48:00Z,17.0,80.173,133.061,80.873,125.076,19.7,165.6
2023-02-22T00:32:01Z,2023-02-22T00:48:00Z,16.0,77.712,118.071,80.873,125.076,378.4,379.9
2023-02-22T01:19:02Z,2023-02-22T01:35:00Z,16.0,-80.647,-54.204,-80.351,-61.808,114.1,143.4
2023-02-22T01:19:57Z,2023-02-22T01:35:00Z,15.0,-78.615,-69.644,-80.351,-61.808,247.8,250.0
2023-02-22T02:06:59Z,2023-02-22T02:22:00Z,15.0,81.108,119.679,79.673,111.424,221.1,221.1
2023-02-22T02:07:59Z,2023-02-22T02:22:00Z,14.0,79.092,101.001,79.673,111.424,176.3,223.0
2023-02-22T02:54:59Z,2023-02-22T03:09:00Z,14.0,-81.448,-66.087,-79.039,-76.572,323.7,332.2
2023-02-22T02:56:01Z,2023-02-22T03:10:00Z,14.0,-79.658,-87.238,-81.253,-94.885,82.0,226.5
2023-02-22T03:43:57Z,2023-02-22T03:57:00Z,13.0,80.275,85.748,80.714,79.441,27.7,125.7
2023-02-22T03:44:57Z,2023-02-22T03:57:00Z,12.0,77.845,70.418,80.714,79.441,368.8,369.1
2023-02-22T04:31:58Z,2023-02-22T04:44:00Z,12.0,-80.753,-101.201,-80.175,-107.634,125.6,134.8
2023-02-22T04:33:00Z,2023-02-22T04:44:00Z,11.0,-78.459,-118.702,-80.175,-107.634,281.6,297.0
2023-02-22T05:20:01Z,2023-02-22T05:31:00Z,11.0,81.045,70.55,79.475,65.433,192.2,199.5
2023-02-22T05:21:01Z,2023-02-22T05:31:00Z,10.0,78.989,52.152,79.475,65.433,203.1,280.8
2023-02-22T06:08:01Z,2023-02-22T06:18:00Z,10.0,-81.391,-115.51,-78.829,-122.715,290.8,316.2
2023-02-22T06:08:57Z,2023-02-22T06:19:00Z,10.0,-79.78,-134.561,-81.116,-140.402,71.6,183.6
2023-02-22T06:56:59Z,2023-02-22T07:06:00Z,9.0,80.193,36.818,80.551,33.731,0.9,69.9
2023-02-22T06:57:59Z,2023-02-22T07:06:00Z,8.0,77.744,21.741,80.551,33.731,392.3,399.4
2023-02-22T07:45:00Z,2023-02-22T07:53:00Z,8.0,-80.665,-150.464,-79.994,-153.516,93.9,94.0
2023-02-22T07:46:02Z,2023-02-22T07:53:00Z,7.0,-78.328,-167.601,-79.994,-153.516,310.6,347.0
2023-02-22T08:32:59Z,2023-02-22T08:40:00Z,7.0,81.079,22.799,79.275,19.379,188.4,211.0
2023-02-22T08:33:58Z,2023-02-22T08:41:00Z,7.0,79.087,4.497,81.407,0.241,195.2,270.2
2023-02-22T09:20:59Z,2023-02-22T09:27:00Z,6.0,-81.423,-163.113,-78.617,-168.907,288.3,331.4
2023-02-22T09:22:01Z,2023-02-22T09:28:00Z,6.0,-79.607,175.896,-80.974,174.012,112.6,156.2
2023-02-22T10:09:57Z,2023-02-22T10:15:00Z,5.0,80.244,-11.022,80.383,-12.045,1.2,24.6
2023-02-22T10:57:58Z,2023-02-22T11:02:00Z,4.0,-80.712,161.789,-79.809,160.541,91.9,103.2
2023-02-22T10:59:00Z,2023-02-22T11:02:00Z,3.0,-78.402,144.455,-79.809,160.541,309.5,371.3
2023-02-22T11:46:01Z,2023-02-22T11:49:00Z,3.0,81.01,-26.502,79.072,-26.729,157.7,215.8
2023-02-22T11:47:01Z,2023-02-22T11:50:00Z,3.0,78.929,-44.715,81.281,-45.235,230.1,262.0
2023-02-22T12:34:01Z,2023-02-22T12:36:00Z,2.0,-81.378,147.614,-78.404,144.853,258.8,335.3
2023-02-22T12:34:56Z,2023-02-22T12:37:00Z,2.1,-79.744,128.655,-80.825,128.358,99.7,120.5
2023-02-22T13:21:59Z,2023-02-22T13:24:00Z,2.0,81.634,-38.161,80.21,-57.885,357.7,378.5
2023-02-22T13:22:59Z,2023-02-22T13:24:00Z,1.0,80.139,-60.205,80.21,-57.885,32.1,44.8
2023-02-22T14:11:00Z,2023-02-22T14:11:00Z,-0.0,-80.634,112.656,-79.621,114.54,63.2,118.3
2023-02-22T14:12:02Z,2023-02-22T14:12:00Z,-0.0,-78.282,95.657,-81.601,94.371,333.4,370.3
2023-02-22T14:59:02Z,2023-02-22T14:58:00Z,-1.0,80.962,-75.397,78.868,-72.888,133.9,238.1
2023-02-22T14:59:57Z,2023-02-22T14:59:00Z,-1.0,79.061,-92.165,81.149,-90.778,219.0,234.0
2023-02-22T15:46:57Z,2023-02-22T15:46:00Z,-1.0,-81.433,100.632,-80.671,82.638,269.2,321.4
2023-02-22T15:47:59Z,2023-02-22T15:46:00Z,-2.0,-79.627,79.556,-80.671,82.638,129.8,130.2
2023-02-22T16:34:57Z,2023-02-22T16:33:00Z,-2.0,81.648,-85.811,80.034,-103.787,353.1,363.5
2023-02-22T16:35:57Z,2023-02-22T16:33:00Z,-3.0,80.185,-108.034,80.034,-103.787,34.2,82.9
2023-02-22T18:12:01Z,2023-02-22T18:08:00Z,-4.0,80.973,-123.451,81.011,-136.388,128.1,225.1
2023-02-22T18:13:01Z,2023-02-22T18:08:00Z,-5.0,78.876,-141.529,81.011,-136.388,256.9,257.6
2023-02-22T18:59:57Z,2023-02-22T18:55:00Z,-5.0,-81.419,52.095,-80.513,36.855,251.7,283.8
2023-02-22T19:00:59Z,2023-02-22T18:55:00Z,-6.0,-79.6,31.123,-80.513,36.855,144.1,149.8
2023-02-22T19:48:01Z,2023-02-22T19:42:00Z,-6.0,81.59,-135.887,79.855,-149.749,311.9,313.7
2023-02-22T19:49:01Z,2023-02-22T19:42:00Z,-7.0,80.037,-157.568,79.855,-149.749,71.8,153.2
2023-02-22T20:37:02Z,2023-02-22T20:29:00Z,-8.0,-80.518,14.92,-79.237,22.373,17.0,203.7
2023-02-22T20:37:58Z,2023-02-22T20:30:00Z,-8.0,-78.388,-0.294,-81.377,3.447,334.7,340.5
2023-02-22T21:25:01Z,2023-02-22T21:17:00Z,-8.0,80.956,-171.938,80.868,177.936,112.3,178.1
2023-02-22T21:26:01Z,2023-02-22T21:17:00Z,-9.0,78.849,170.075,80.868,177.936,269.7,272.0
2023-02-22T22:13:01Z,2023-02-22T22:04:00Z,-9.0,-81.326,1.899,-80.351,-8.993,208.2,221.0
2023-02-22T22:14:02Z,2023-02-22T22:04:00Z,-10.0,-79.453,-18.188,-80.351,-8.993,178.0,205.1
2023-02-22T23:00:59Z,2023-02-22T22:51:00Z,-10.0,81.609,176.375,79.67,164.247,306.7,306.8
2023-02-22T23:01:59Z,2023-02-22T22:51:00Z,-11.0,80.078,154.515,79.67,164.247,74.7,195.5
2023-02-22T23:50:00Z,2023-02-22T23:39:00Z,-11.0,-80.579,-32.705,-81.256,-42.115,21.0,181.4
2023-02-22T23:51:02Z,2023-02-22T23:39:00Z,-12.0,-78.197,-49.51,-81.256,-42.115,370.1,370.1
2023-02-23T00:37:57Z,2023-02-23T00:26:00Z,-12.0,81.046,141.003,80.718,132.212,121.9,159.2
2023-02-23T00:38:57Z,2023-02-23T00:26:00Z,-13.0,78.986,122.623,80.718,132.212,257.5,268.7
2023-02-23T01:25:57Z,2023-02-23T01:13:00Z,-13.0,-81.4,-44.903,-80.185,-54.901,219.1,223.2
2023-02-23T01:26:59Z,2023-02-23T01:13:00Z,-14.0,-79.555,-65.728,-80.185,-54.901,170.5,222.9
2023-02-23T02:14:01Z,2023-02-23T02:00:00Z,-14.0,81.568,126.946,79.486,118.172,276.0,281.5
2023-02-23T02:15:01Z,2023-02-23T02:01:00Z,-14.0,79.98,105.428,81.531,98.351,99.6,213.8
2023-02-23T03:02:00Z,2023-02-23T02:47:00Z,-15.0,-81.755,-57.951,-78.847,-70.001,377.5,393.2
2023-02-23T03:03:02Z,2023-02-23T02:48:00Z,-15.0,-80.486,-81.931,-81.128,-87.741,8.2,125.5
2023-02-23T03:03:58Z,2023-02-23T02:48:00Z,-16.0,-78.343,-97.031,-81.128,-87.741,356.8,359.7
2023-02-23T03:50:59Z,2023-02-23T03:35:00Z,-16.0,80.971,91.745,80.566,86.405,92.9,105.5
2023-02-23T03:51:59Z,2023-02-23T03:35:00Z,-17.0,78.868,73.711,80.566,86.405,283.1,314.1
2023-02-23T04:38:59Z,2023-02-23T04:22:00Z,-17.0,-81.341,-94.274,-80.015,-100.868,189.0,189.2
2023-02-23T04:40:01Z,2023-02-23T04:22:00Z,-18.0,-79.443,-114.741,-80.015,-100.868,197.2,281.9
2023-02-23T05:26:59Z,2023-02-23T05:09:00Z,-18.0,81.592,79.434,79.299,72.044,274.3,289.0
2023-02-23T05:27:59Z,2023-02-23T05:10:00Z,-18.0,80.038,57.699,81.421,52.827,98.6,176.9
2023-02-24T18:27:57Z,2023-02-24T18:58:00Z,30.0,78.58,-146.843,79.762,-137.985,214.5,226.8
2023-02-24T19:14:58Z,2023-02-24T19:45:00Z,30.0,-81.169,43.75,-79.15,33.993,287.3,290.7
2023-02-24T19:16:00Z,2023-02-24T19:45:00Z,29.0,-79.129,24.257,-79.15,33.993,129.9,204.0
2023-02-24T20:03:01Z,2023-02-24T20:32:00Z,29.0,81.4,-144.137,78.362,-153.804,355.4,386.3
2023-02-24T20:03:57Z,2023-02-24T20:33:00Z,29.0,79.784,-163.311,80.804,-170.271,17.8,172.8
2023-02-24T20:52:00Z,2023-02-24T21:20:00Z,28.0,-80.246,8.515,-80.289,2.643,66.0,110.6
2023-02-24T20:53:02Z,2023-02-24T21:20:00Z,27.0,-77.731,-7.098,-80.289,2.643,349.7,350.9
2023-02-24T21:39:57Z,2023-02-24T22:07:00Z,27.0,80.774,-177.995,79.606,175.791,175.2,175.3
2023-02-24T21:40:59Z,2023-02-24T22:07:00Z,26.0,78.482,164.384,79.606,175.791,241.1,271.2
2023-02-24T22:28:00Z,2023-02-24T22:54:00Z,26.0,-81.117,-5.392,-78.984,-12.347,257.9,272.0
2023-02-24T22:29:02Z,2023-02-24T22:54:00Z,25.0,-79.038,-24.587,-78.984,-12.347,157.0,259.3
2023-02-24T23:16:58Z,2023-02-24T23:42:00Z,25.0,79.7,147.774,80.677,143.742,45.5,132.9
2023-02-25T00:05:01Z,2023-02-25T00:29:00Z,24.0,-80.17,-40.459,-80.149,-43.497,38.0,57.8
2023-02-25T00:05:57Z,2023-02-25T00:29:00Z,23.0,-77.912,-54.569,-80.149,-43.497,334.2,341.1
2023-02-25T00:52:58Z,2023-02-25T01:16:00Z,23.0,80.707,132.922,79.449,129.524,146.3,154.4
2023-02-25T00:54:00Z,2023-02-25T01:16:00Z,22.0,78.379,115.596,79.449,129.524,267.8,320.1
2023-02-25T01:41:01Z,2023-02-25T02:03:00Z,22.0,-81.059,-54.524,-78.82,-58.738,228.7,262.2
2023-02-25T01:41:57Z,2023-02-25T02:04:00Z,22.0,-79.195,-71.872,-81.111,-76.399,139.9,229.9
2023-02-25T02:28:58Z,2023-02-25T02:51:00Z,22.0,81.432,119.979,80.547,97.702,341.4,397.9
2023-02-25T02:30:00Z,2023-02-25T02:51:00Z,21.0,79.611,98.864,80.547,97.702,73.1,106.6
2023-02-25T03:17:57Z,2023-02-25T03:38:00Z,20.0,-80.296,-87.513,-80.006,-89.669,51.1,52.3
2023-02-25T03:18:59Z,2023-02-25T03:38:00Z,19.0,-77.802,-103.293,-80.006,-89.669,360.2,379.7
2023-02-25T04:06:00Z,2023-02-25T04:25:00Z,19.0,80.635,83.883,79.291,83.218,117.8,150.2
2023-02-25T04:07:02Z,2023-02-25T04:26:00Z,19.0,78.275,66.843,81.417,64.026,291.3,354.0
2023-02-25T04:53:57Z,2023-02-25T05:12:00Z,18.0,-81.152,-101.317,-78.654,-105.15,241.2,287.8
2023-02-25T04:54:59Z,2023-02-25T05:13:00Z,18.0,-79.098,-120.692,-80.999,-122.333,166.6,214.0
2023-02-25T05:42:00Z,2023-02-25T06:00:00Z,18.0,81.385,70.789,80.415,51.618,311.8,352.5
2023-02-25T05:43:02Z,2023-02-25T06:00:00Z,17.0,79.517,49.987,80.415,51.618,100.4,104.9
2023-02-25T06:30:58Z,2023-02-25T06:47:00Z,16.0,-80.218,-136.486,-79.861,-135.881,23.5,41.4
2023-02-25T07:19:01Z,2023-02-25T07:34:00Z,15.0,80.562,34.873,79.132,36.876,90.1,164.0
2023-02-25T07:19:57Z,2023-02-25T07:35:00Z,15.0,78.443,19.452,81.319,18.183,276.2,321.2
2023-02-25T08:06:58Z,2023-02-25T08:21:00Z,14.0,-81.097,-150.444,-78.487,-151.596,212.8,291.5
2023-02-25T08:08:00Z,2023-02-25T08:22:00Z,14.0,-79.0,-169.53,-80.883,-168.314,193.1,211.0
2023-02-25T08:55:01Z,2023-02-25T09:09:00Z,14.0,81.337,21.602,80.281,5.491,282.6,308.4
2023-02-25T08:55:57Z,2023-02-25T09:09:00Z,13.0,79.666,2.794,80.281,5.491,86.0,86.1
2023-02-25T09:44:00Z,2023-02-25T09:56:00Z,12.0,-80.137,174.53,-79.714,177.866,3.9,80.2
2023-02-25T10:31:57Z,2023-02-25T10:43:00Z,11.0,80.682,-12.103,78.972,-9.502,103.2,197.0
2023-02-25T10:32:59Z,2023-02-25T10:44:00Z,11.0,78.342,-29.332,81.218,-27.708,301.5,321.7
2023-02-25T11:20:00Z,2023-02-25T11:31:00Z,11.0,-81.038,160.429,-80.765,145.66,187.5,261.0
2023-02-25T11:21:02Z,2023-02-25T11:31:00Z,10.0,-78.906,141.633,-80.765,145.66,218.6,221.4
2023-02-25T12:07:57Z,2023-02-25T12:18:00Z,10.0,81.416,-25.131,80.144,-40.68,294.7,310.0
2023-02-25T12:08:59Z,2023-02-25T12:18:00Z,9.0,79.577,-46.114,80.144,-40.68,112.4,123.7
2023-02-25T12:56:00Z,2023-02-25T13:05:00Z,9.0,-81.623,148.099,-79.567,131.575,374.9,375.6
2023-02-25T12:57:02Z,2023-02-25T13:05:00Z,8.0,-80.055,125.547,-79.567,131.575,30.9,130.5
2023-02-25T13:44:58Z,2023-02-25T13:52:00Z,7.0,80.61,-61.141,78.811,-55.906,75.7,225.5
2023-02-25T13:46:00Z,2023-02-25T13:53:00Z,7.0,78.236,-78.092,81.113,-73.632,326.6,332.2
2023-02-25T14:33:01Z,2023-02-25T14:40:00Z,7.0,-80.977,111.332,-80.643,99.599,159.6,211.5
2023-02-25T14:33:57Z,2023-02-25T14:40:00Z,6.0,-79.062,94.324,-80.643,99.599,204.0,204.0
2023-02-25T15:20:58Z,2023-02-25T15:27:00Z,6.0,81.366,-74.327,80.006,-86.882,265.7,271.4
2023-02-25T15:22:00Z,2023-02-25T15:27:00Z,5.0,79.482,-95.001,80.006,-86.882,138.7,171.0
2023-02-25T16:09:01Z,2023-02-25T16:14:00Z,5.0,-81.586,98.868,-79.418,85.253,345.6,346.0
2023-02-25T16:09:57Z,2023-02-25T16:14:00Z,4.0,-80.187,78.489,-79.418,85.253,17.0,158.3
2023-02-25T16:58:00Z,2023-02-25T17:02:00Z,4.0,80.532,-110.191,81.005,-119.619,51.0,176.2
2023-02-25T16:59:02Z,2023-02-25T17:02:00Z,3.0,78.127,-126.844,81.005,-119.619,351.2,351.3
2023-02-25T18:33:57Z,2023-02-25T18:36:00Z,2.0,81.378,-122.287,79.867,-133.138,257.3,258.2
2023-02-25T18:34:59Z,2023-02-25T18:36:00Z,1.0,79.509,-143.056,79.867,-133.138,144.3,201.4
2023-02-25T19:21:59Z,2023-02-25T19:23:00Z,1.0,-81.609,51.317,-79.269,38.885,342.9,346.0
2023-02-25T19:23:02Z,2023-02-25T19:24:00Z,1.0,-79.996,28.59,-81.397,19.861,60.6,221.0
2023-02-25T20:10:58Z,2023-02-25T20:11:00Z,0.0,80.555,-158.201,80.895,-165.652,44.2,138.8
2023-02-25T20:12:00Z,2023-02-25T20:11:00Z,-1.0,78.158,-174.951,80.895,-165.652,355.5,357.2
2023-02-25T20:59:01Z,2023-02-25T20:58:00Z,-1.0,-80.93,14.214,-80.396,7.319,124.1,137.8
2023-02-25T20:59:57Z,2023-02-25T20:58:00Z,-2.0,-78.994,-2.568,-80.396,7.319,233.8,250.8
2023-02-25T21:46:58Z,2023-02-25T21:45:00Z,-2.0,81.336,-171.511,79.727,-179.433,229.2,230.1
2023-02-25T21:48:00Z,2023-02-25T21:45:00Z,-3.0,79.416,168.048,79.727,-179.433,169.7,254.1
2023-02-25T22:35:01Z,2023-02-25T22:32:00Z,-3.0,-81.565,1.649,-79.12,-7.518,308.1,320.7
2023-02-25T22:35:57Z,2023-02-25T22:33:00Z,-3.0,-80.131,-18.541,-81.305,-26.078,46.8,187.8
2023-02-25T23:24:00Z,2023-02-25T23:20:00Z,-4.0,80.477,152.762,80.783,148.269,17.5,88.2
2023-02-25T23:25:02Z,2023-02-25T23:20:00Z,-5.0,78.055,136.28,80.783,148.269,378.6,388.7
2023-02-26T00:11:57Z,2023-02-26T00:07:00Z,-5.0,-81.032,-32.661,-80.27,-38.885,136.9,140.8
2023-02-26T00:12:59Z,2023-02-26T00:07:00Z,-6.0,-78.895,-51.418,-80.27,-38.885,258.1,294.2
2023-02-26T01:00:00Z,2023-02-26T00:54:00Z,-6.0,81.29,139.297,79.587,134.233,201.7,211.3
2023-02-26T01:01:02Z,2023-02-26T00:55:00Z,-6.0,79.323,119.151,81.589,114.074,192.1,268.9
2023-02-26T01:47:56Z,2023-02-26T01:41:00Z,-6.9,-81.619,-45.008,-78.971,-53.956,319.3,338.4
2023-02-26T01:48:58Z,2023-02-26T01:42:00Z,-7.0,-80.048,-67.506,-81.21,-72.063,72.3,153.4
2023-02-26T02:37:01Z,2023-02-26T02:29:00Z,-8.0,80.407,103.7,80.668,102.152,8.4,40.5
2023-02-26T02:37:57Z,2023-02-26T02:29:00Z,-9.0,78.222,88.839,80.668,102.152,362.7,382.8
2023-02-26T03:24:58Z,2023-02-26T03:16:00Z,-9.0,-80.969,-81.775,-80.144,-85.136,110.0,110.4
2023-02-26T03:26:00Z,2023-02-26T03:16:00Z,-10.0,-78.79,-100.245,-80.144,-85.136,282.3,341.1
2023-02-26T04:13:01Z,2023-02-26T04:03:00Z,-10.0,81.229,90.15,79.446,87.866,174.0,203.1
2023-02-26T04:13:57Z,2023-02-26T04:04:00Z,-10.0,79.474,71.917,81.509,68.173,177.0,236.6
2023-02-26T05:00:58Z,2023-02-26T04:50:00Z,-11.0,-81.582,-94.262,-78.824,-100.431,290.8,328.2
2023-02-26T05:02:00Z,2023-02-26T04:51:00Z,-11.0,-79.957,-116.473,-81.113,-118.101,98.1,132.1
2023-02-26T05:49:57Z,2023-02-26T05:38:00Z,-12.0,80.524,56.72,80.552,55.983,5.1,13.8
2023-02-26T06:38:00Z,2023-02-26T06:25:00Z,-13.0,-80.903,-130.878,-80.017,-131.423,83.5,99.2
2023-02-26T06:39:02Z,2023-02-26T06:26:00Z,-13.0,-78.687,-149.047,-81.807,-152.945,303.6,354.7
2023-02-26T07:25:57Z,2023-02-26T07:12:00Z,-14.0,81.309,43.378,79.305,41.458,185.9,225.9
2023-02-26T07:26:59Z,2023-02-26T07:13:00Z,-14.0,79.374,23.033,81.426,22.218,201.5,228.9
2023-02-26T08:14:00Z,2023-02-26T07:59:00Z,-15.0,-81.546,-143.511,-78.676,-146.934,262.9,326.0
2023-02-26T08:15:02Z,2023-02-26T08:00:00Z,-15.0,-79.871,-165.413,-81.014,-164.178,122.5,129.2
2023-02-26T09:02:03Z,2023-02-26T08:47:00Z,-15.1,81.691,28.942,80.435,9.771,329.6,357.7
2023-02-26T09:02:58Z,2023-02-26T08:47:00Z,-16.0,80.448,7.675,80.435,9.771,20.5,38.8
2023-02-26T09:51:01Z,2023-02-26T09:34:00Z,-17.0,-80.836,179.994,-79.888,-177.749,57.1,113.6
2023-02-26T09:51:57Z,2023-02-26T09:35:00Z,-17.0,-78.849,163.591,-81.744,161.175,287.7,325.3
2023-02-26T10:38:58Z,2023-02-26T10:21:00Z,-18.0,81.261,-5.828,79.165,-4.984,159.1,233.9
2023-02-26T10:40:00Z,2023-02-26T10:22:00Z,-18.0,79.281,-25.859,81.34,-23.782,224.9,232.5
2023-02-26T11:27:01Z,2023-02-26T11:09:00Z,-18.0,-81.509,167.225,-80.912,149.701,238.4,304.1
2023-02-26T11:27:57Z,2023-02-26T11:09:00Z,-19.0,-80.011,147.427,-80.912,149.701,108.0,108.8
2023-02-26T12:14:58Z,2023-02-26T11:56:00Z,-19.0,81.732,-17.694,80.317,-36.481,340.2,360.1
2023-02-26T12:16:00Z,2023-02-26T11:56:00Z,-20.0,80.37,-41.385,80.317,-36.481,45.7,91.7
2023-02-26T13:04:03Z,2023-02-26T12:43:00Z,-21.1,-80.769,130.885,-79.76,135.888,31.6,146.5
2023-02-26T13:04:59Z,2023-02-26T12:44:00Z,-21.0,-78.746,114.742,-81.677,115.252,310.5,326.4
2023-02-26T13:52:00Z,2023-02-26T13:31:00Z,-21.0,81.204,-55.019,81.252,-69.826,135.2,250.7
2023-02-26T13:53:02Z,2023-02-26T13:31:00Z,-22.0,79.181,-74.741,81.252,-69.826,248.2,248.4
2023-02-26T14:39:57Z,2023-02-26T14:18:00Z,-22.0,-81.567,120.534,-80.809,103.537,249.4,300.6
2023-02-26T14:40:59Z,2023-02-26T14:18:00Z,-23.0,-79.921,98.479,-80.809,103.537,132.1,136.5
2023-02-26T15:27:59Z,2023-02-26T15:05:00Z,-23.0,81.703,-67.022,80.198,-82.773,311.3,321.1
2023-02-26T15:29:01Z,2023-02-26T15:05:00Z,-24.0,80.288,-90.369,80.198,-82.773,70.0,143.6
2023-02-26T16:16:02Z,2023-02-26T15:52:00Z,-24.0,-81.799,106.536,-79.631,89.489,387.0,387.4
2023-02-26T16:16:58Z,2023-02-26T15:52:00Z,-25.0,-80.871,83.964,-79.631,89.489,44.1,172.8
2023-02-26T16:18:00Z,2023-02-26T15:53:00Z,-25.0,-78.642,65.953,-81.608,69.287,332.3,336.1
2023-02-26T18:40:58Z,2023-02-26T18:14:00Z,-27.0,81.707,-115.104,80.079,-129.103,301.0,304.8
2023-02-26T18:42:00Z,2023-02-26T18:14:00Z,-28.0,80.298,-138.523,80.079,-129.103,77.4,180.2
2023-02-26T19:29:01Z,2023-02-26T19:01:00Z,-28.0,-81.8,58.4,-79.503,43.056,375.1,375.2
2023-02-26T19:29:57Z,2023-02-26T19:01:00Z,-29.0,-80.88,35.834,-79.503,43.056,36.0,205.3
2023-02-26T19:30:59Z,2023-02-26T19:02:00Z,-29.0,-78.651,17.762,-81.535,23.279,337.5,337.6
2023-02-26T20:18:00Z,2023-02-26T19:49:00Z,-29.0,81.153,-152.33,81.07,-162.044,99.9,167.1
2023-02-26T20:19:02Z,2023-02-26T19:49:00Z,-30.0,79.093,-171.753,81.07,-162.044,275.9,287.5
2023-02-26T21:05:57Z,2023-02-26T20:36:00Z,-30.0,-81.532,23.141,-80.589,11.182,212.0,231.4
2023-02-26T21:06:59Z,2023-02-26T20:37:00Z,-30.0,-79.842,1.349,-82.042,-12.392,160.2,341.9
